PID,MS SubClass,Lot Frontage,Lot Area,Lot Shape,Land Contour,Neighborhood,Bldg Type,Overall Qual,Overall Cond,Year Built,Year Remod/Add,Total Bsmt SF,Central Air,1st Flr SF,2nd Flr SF,Gr Liv Area,Full Bath,TotRms AbvGrd,Fireplaces,Garage Cars,Garage Area,Mo Sold,Yr Sold,SalePrice
1659,30,90,8100,Reg,Lvl,OldTown,1Fam,5,6,1948,1973,1559,Y,1559,0,1559,1,5,0,2,812,6,2007,153500
677,20,49,15256,IR1,Lvl,Somerst,1Fam,8,5,2007,2007,1485,Y,1464,0,1464,2,6,0,3,754,8,2007,282922
1976,20,82,20270,IR1,Lvl,ClearCr,1Fam,7,6,1979,1979,1524,Y,1524,0,1524,2,7,2,2,478,4,2008,245000
42,60,50,13128,IR1,HLS,Gilbert,1Fam,8,5,2005,2005,1074,Y,1074,990,2064,2,7,1,2,527,1,2006,250000
1442,20,60,7200,Reg,Lvl,NAmes,1Fam,5,7,1950,1950,876,Y,988,0,988,1,6,0,1,276,5,2007,119000
1782,70,57,8094,Reg,Lvl,OldTown,1Fam,6,6,1915,1950,1048,Y,1048,720,1768,2,8,0,2,576,6,2009,155000
2389,85,75,9825,Reg,Low,Edwards,1Fam,5,5,1967,1967,936,Y,936,0,936,1,4,1,1,384,8,2007,118500
1657,70,60,11340,Reg,Lvl,OldTown,1Fam,2,1,1920,1950,723,N,723,363,1086,1,5,0,2,400,11,2008,55000
401,60,82,9709,IR1,Lvl,NridgHt,1Fam,8,5,2007,2007,918,Y,958,1142,2100,2,8,2,3,786,9,2007,319500
2571,50,66,21780,Reg,Lvl,Crawfor,1Fam,6,5,1920,1950,817,Y,940,610,1550,1,7,1,1,318,9,2006,195000
364,20,108,12228,Reg,Lvl,NridgHt,1Fam,7,5,2006,2006,1721,Y,1740,0,1740,2,8,0,3,874,9,2006,293000
2667,50,50,9140,Reg,HLS,IDOTRR,1Fam,6,5,1921,1975,629,Y,727,380,1107,1,5,0,1,625,4,2010,110000
130,190,100,34650,Reg,Bnk,Gilbert,2fmCon,5,5,1955,1955,1056,N,1056,0,1056,1,5,0,2,572,1,2006,145000
342,60,110,13440,Reg,Lvl,NridgHt,1Fam,8,5,2006,2007,1108,Y,1148,1402,2550,2,11,1,3,670,3,2007,338931
2620,20,100,17500,Reg,Lvl,Crawfor,1Fam,7,8,1959,2002,1902,Y,1902,0,1902,2,7,2,2,567,5,2010,335000
1438,50,60,8064,Reg,Lvl,NAmes,1Fam,6,8,1948,2004,816,Y,816,408,1224,1,5,0,1,280,5,2010,132000
1736,50,52,6240,Reg,Lvl,BrkSide,1Fam,5,7,1930,1992,1078,Y,1128,445,1573,2,8,1,2,360,6,2008,162900
2040,20,58,9280,Reg,Lvl,Edwards,1Fam,5,6,1951,1951,1342,Y,1342,0,1342,1,7,0,1,256,4,2007,125000
2905,20,76,8314,Reg,Lvl,Mitchel,1Fam,5,7,1982,1982,816,Y,816,0,816,1,5,0,1,264,6,2007,124500
970,160,24,2645,Reg,Lvl,Somerst,Twnhs,8,5,1999,2000,970,Y,983,756,1739,2,7,0,2,480,8,2009,172500
237,20,61,7930,Reg,Lvl,NAmes,1Fam,6,8,1969,2005,1026,Y,1026,0,1026,1,5,0,2,440,7,2009,156000
1824,190,60,10120,IR1,Bnk,OldTown,2fmCon,7,4,1910,1950,925,N,964,925,1889,1,9,1,1,308,1,2007,122000
2892,20,80,17400,Reg,Low,Mitchel,1Fam,5,5,1977,1977,1126,Y,1126,0,1126,2,5,1,2,484,5,2006,160000
1416,20,60,7332,Reg,Lvl,NAmes,1Fam,6,6,1959,1959,864,Y,864,0,864,1,4,0,1,288,10,2006,120000
795,20,65,7441,IR1,Lvl,SawyerW,1Fam,7,5,2006,2006,1461,Y,1486,0,1486,2,7,0,2,566,6,2007,181000
2577,70,74,11988,IR1,HLS,Crawfor,1Fam,6,7,1934,1995,715,Y,849,811,1660,1,6,1,1,240,8,2008,188700
1794,90,110,8472,IR2,Bnk,IDOTRR,Duplex,5,5,1963,1963,816,N,816,0,816,1,5,0,2,516,5,2010,110000
844,20,70,9100,Reg,Lvl,Sawyer,1Fam,5,5,1963,1963,984,Y,984,0,984,1,5,1,1,384,8,2008,128000
560,60,62,7984,IR1,Lvl,Gilbert,1Fam,7,5,2004,2005,868,Y,868,762,1630,2,7,1,2,436,9,2009,189500
1386,50,60,10836,Reg,Lvl,OldTown,1Fam,5,5,1922,1950,892,Y,1254,182,1436,1,7,1,4,1488,6,2008,139000
1563,70,42,7614,Reg,Lvl,OldTown,1Fam,3,5,1905,1950,738,Y,714,662,1376,1,7,0,1,216,3,2006,96900
464,120,34,4590,Reg,Lvl,NridgHt,Twnhs,8,5,2006,2006,1554,Y,1554,0,1554,2,6,1,2,627,5,2007,209500
1256,80,70,8163,Reg,Lvl,NAmes,1Fam,5,6,1959,1959,1144,Y,1144,0,1144,1,6,1,1,796,3,2006,143000
207,60,75,8004,IR1,Lvl,Somerst,1Fam,8,5,2009,2009,832,Y,832,1103,1935,2,8,0,2,552,12,2009,263435
2431,60,313,63887,IR3,Bnk,Edwards,1Fam,10,5,2008,2008,6110,Y,4692,950,5642,2,12,3,2,1418,1,2008,160000
2003,70,114,19950,Reg,Lvl,Edwards,1Fam,6,7,1928,1950,672,Y,1337,672,2009,2,8,2,3,795,12,2006,235000
2847,180,21,1974,Reg,Lvl,MeadowV,Twnhs,4,7,1973,2006,526,Y,526,462,988,1,5,0,1,297,6,2008,105000
2204,60,57,8924,IR1,Lvl,CollgCr,1Fam,7,5,1998,1999,880,Y,880,844,1724,2,8,0,2,527,7,2008,188000
725,60,75,9000,Reg,Lvl,Somerst,1Fam,8,5,2006,2006,1088,Y,1088,871,1959,2,8,1,3,1025,12,2007,270000
1365,50,60,10134,Reg,Lvl,OldTown,1Fam,5,6,1940,1950,735,Y,735,299,1034,1,5,0,1,240,7,2007,109000
2348,60,74,8581,IR1,Lvl,CollgCr,1Fam,7,5,2006,2006,851,Y,851,886,1737,2,7,0,2,578,8,2006,203160
2105,20,66,10235,IR1,Lvl,CollgCr,1Fam,8,5,2007,2007,1643,Y,1651,0,1651,2,7,1,3,870,9,2007,246500
2370,20,64,8334,Reg,Lvl,CollgCr,1Fam,6,5,2006,2007,1330,Y,1330,0,1330,2,6,1,2,437,7,2007,167840
2110,60,133,11003,IR2,Lvl,CollgCr,1Fam,7,5,2005,2006,1308,Y,1308,568,1876,2,7,0,3,848,7,2006,229800
310,120,24,2529,Reg,Lvl,NPkVill,Twnhs,7,6,1977,1977,1055,Y,1055,0,1055,2,4,0,2,440,9,2008,148500
1302,20,60,11556,Reg,Lvl,NAmes,1Fam,5,6,1952,1952,720,Y,882,0,882,1,4,0,1,240,5,2008,116000
714,20,75,9000,Reg,Lvl,Somerst,1Fam,7,5,2006,2007,1335,Y,1335,0,1335,2,6,0,2,575,6,2007,210400
2634,120,35,3907,IR1,Bnk,Blueste,TwnhsE,8,5,1988,1988,1004,Y,1020,0,1020,1,4,0,2,509,3,2007,200000
2212,20,67,9808,IR1,Lvl,CollgCr,1Fam,7,5,2002,2002,1573,Y,1573,0,1573,2,6,0,2,544,3,2009,227000
2632,120,35,3907,IR1,HLS,Blueste,TwnhsE,8,6,1989,1989,982,Y,1034,0,1034,1,4,1,2,598,4,2010,185000
854,80,88,8471,IR1,Lvl,Sawyer,1Fam,6,7,1977,1995,506,Y,1212,0,1212,1,6,1,2,492,7,2006,151000
514,20,64,7697,Reg,Lvl,Gilbert,1Fam,7,6,2007,2007,1246,Y,1258,0,1258,2,6,0,2,462,8,2007,173500
1131,80,80,9200,Reg,Lvl,NAmes,1Fam,6,5,1965,1965,1042,Y,1042,0,1042,2,5,0,2,440,5,2007,161000
2508,75,60,8400,Reg,Bnk,SWISU,1Fam,5,8,1939,1997,720,Y,1052,720,2192,2,8,1,1,240,7,2008,179500
690,60,80,9428,Reg,Lvl,Somerst,1Fam,8,5,2007,2008,955,Y,955,919,1874,2,8,1,3,880,2,2008,297900
2776,20,54,13811,IR1,Lvl,Timber,1Fam,6,6,1987,1987,1112,Y,1137,0,1137,2,5,1,2,551,7,2006,176000
334,20,110,14333,Reg,Lvl,NridgHt,1Fam,8,5,2007,2007,2108,Y,2122,0,2122,2,7,1,3,938,11,2007,345474
1859,20,50,5500,Reg,Lvl,SWISU,1Fam,7,5,2004,2004,1073,Y,1073,0,1073,2,4,0,1,246,5,2006,157000
1432,40,60,12144,Reg,Lvl,NAmes,1Fam,5,7,1949,1950,832,Y,1036,0,1268,1,6,1,1,288,9,2009,133000
1774,190,60,9873,Reg,Lvl,BrkSide,2fmCon,4,5,1970,1970,960,N,960,0,960,1,6,0,2,576,5,2006,129000
596,60,42,8433,IR1,Lvl,Gilbert,1Fam,6,5,2000,2000,794,Y,819,695,1514,2,7,1,2,394,6,2009,190000
2134,20,78,11645,Reg,Lvl,CollgCr,1Fam,8,5,2005,2006,1570,Y,1590,0,1590,2,6,0,3,754,8,2006,294900
1247,20,73,8760,Reg,Lvl,NAmes,1Fam,5,7,1956,1956,1169,Y,1144,0,1144,1,6,0,1,286,6,2009,150000
2087,90,64,7007,Reg,Bnk,SawyerW,Duplex,5,5,1979,1979,0,Y,1513,0,1513,2,8,0,2,400,6,2009,113722
1345,20,60,7626,Reg,Lvl,NAmes,1Fam,5,8,1952,2005,1031,Y,1031,0,1031,1,5,0,1,230,3,2009,145500
1454,80,70,7910,Reg,Lvl,NAmes,1Fam,5,5,1960,1960,1075,Y,1507,0,1507,2,7,0,1,404,8,2008,127000
1528,30,60,4800,Reg,Lvl,OldTown,1Fam,5,4,1940,1950,672,Y,672,0,672,1,4,0,1,256,8,2008,64000
2472,20,68,9520,Reg,Bnk,Edwards,1Fam,4,5,1953,1953,911,Y,930,0,930,1,5,0,1,286,5,2008,99000
1588,50,56,9576,Reg,Lvl,OldTown,1Fam,6,7,1945,1950,770,Y,885,297,1182,1,5,0,1,378,5,2006,120000
2693,70,60,9000,Reg,Bnk,IDOTRR,1Fam,4,6,1920,1950,592,Y,432,432,864,1,5,0,1,216,6,2008,65000
1611,50,50,3500,Reg,Lvl,OldTown,1Fam,5,7,1947,1950,720,Y,720,564,1284,1,5,0,1,240,4,2009,110000
1497,20,69,7590,Reg,Lvl,NAmes,1Fam,5,5,1963,1963,1117,Y,1117,0,1117,1,6,0,1,264,5,2008,136870
1125,20,85,9350,Reg,Lvl,NAmes,1Fam,5,6,1961,1995,1313,Y,1313,0,1313,1,6,1,2,610,2,2009,153000
1206,20,80,9600,Reg,Lvl,NAmes,1Fam,5,7,1950,2007,1113,Y,1113,0,1113,1,5,1,1,264,7,2009,147000
2586,30,80,11600,Reg,Lvl,Crawfor,1Fam,4,5,1922,1950,700,Y,1180,0,1180,1,5,1,1,252,7,2006,137500
1055,20,88,10738,IR1,Lvl,NWAmes,1Fam,6,7,1966,1966,1093,Y,1093,0,1093,2,6,1,2,484,11,2007,158500
700,20,76,9139,IR1,Lvl,Somerst,1Fam,8,5,2006,2006,1422,Y,1432,0,1432,2,7,1,2,492,9,2009,245000
2800,60,85,14191,Reg,Lvl,Timber,1Fam,8,5,2002,2002,967,Y,993,915,1908,2,9,0,2,431,4,2010,202900
2117,20,64,6762,Reg,Lvl,CollgCr,1Fam,7,5,2006,2006,1286,Y,1294,0,1294,2,6,1,2,662,7,2006,193879
1718,190,65,7800,Reg,Lvl,OldTown,2fmCon,5,7,1939,1950,793,Y,793,325,1118,1,5,1,2,410,5,2006,119900
2851,160,36,2592,Reg,Lvl,MeadowV,TwnhsE,5,3,1976,1976,536,Y,536,576,1112,1,4,0,1,336,4,2010,85000
1371,30,60,5400,Reg,Lvl,OldTown,1Fam,5,6,1921,1968,1073,Y,1073,0,1073,1,4,0,1,326,12,2006,108480
1440,50,78,10496,Reg,Lvl,NAmes,1Fam,6,6,1949,1950,1040,Y,1168,678,1846,2,7,1,1,315,1,2007,143000
753,20,100,11824,IR1,Lvl,Somerst,1Fam,8,5,2006,2006,1685,Y,1685,0,1685,2,5,1,3,658,4,2007,253000
483,160,36,2628,Reg,Lvl,NridgHt,Twnhs,7,5,2003,2003,764,Y,764,862,1626,2,6,0,2,474,6,2010,175500
1463,20,70,7903,Reg,Lvl,NAmes,1Fam,5,5,1960,1960,1242,Y,1242,0,1242,1,6,0,1,324,5,2007,152000
915,120,80,3523,IR1,Lvl,Somerst,TwnhsE,8,5,2006,2007,1141,Y,1151,0,1151,2,5,0,2,484,2,2007,166000
1152,20,80,9600,Reg,Lvl,NAmes,1Fam,5,6,1959,1959,1041,Y,1041,0,1041,1,6,0,1,270,7,2009,124500
1965,85,72,10820,Reg,Lvl,Sawyer,1Fam,5,7,1971,1972,782,Y,810,0,810,1,4,0,2,576,6,2006,130000
825,120,50,7175,Reg,Lvl,SawyerW,TwnhsE,6,5,1984,1984,744,Y,752,0,752,1,4,0,1,264,2,2010,125000
943,160,24,2280,Reg,Lvl,Somerst,Twnhs,7,5,1999,1999,744,Y,757,744,1501,2,6,0,2,440,8,2008,179400
281,160,21,1680,Reg,Lvl,BrDale,Twnhs,6,5,1971,1971,483,Y,483,504,987,1,4,0,1,264,7,2008,85400
715,20,75,7862,IR1,Lvl,Somerst,1Fam,6,5,2009,2009,1218,Y,1218,0,1218,2,4,0,2,676,9,2009,208300
2612,20,80,14000,Reg,Lvl,Crawfor,1Fam,6,8,1950,2004,1092,Y,1152,0,1152,1,6,1,1,300,8,2009,158500
2898,20,69,7599,Reg,Lvl,Mitchel,1Fam,4,6,1982,2006,845,Y,845,0,845,1,4,0,2,360,6,2007,129500
191,60,75,9743,Reg,Lvl,NWAmes,1Fam,5,6,1969,1969,720,Y,720,588,1308,1,7,0,2,484,6,2008,146900
21,60,78,9978,IR1,Lvl,Gilbert,1Fam,6,6,1998,1998,926,Y,926,678,1604,2,7,1,2,470,6,2010,195500
1073,20,72,8872,Reg,Lvl,NAmes,1Fam,5,8,1965,2008,912,Y,912,0,912,1,5,0,2,576,12,2008,147000
2339,20,70,8810,Reg,Lvl,CollgCr,1Fam,7,5,2003,2003,1390,Y,1390,0,1390,2,7,0,2,545,3,2006,207000
374,60,108,13418,Reg,Lvl,NridgHt,1Fam,8,5,2004,2005,1117,Y,1132,1320,2452,3,9,1,3,691,9,2006,309000
1658,70,60,10560,Reg,Lvl,OldTown,1Fam,6,7,1922,1994,738,Y,868,602,1470,1,6,0,2,624,6,2010,140750
1937,80,88,15312,Reg,Lvl,Sawyer,1Fam,6,5,1960,1960,1138,Y,1138,0,1138,1,6,1,2,480,3,2009,148000
434,20,92,10845,IR1,Lvl,NridgHt,1Fam,8,5,2003,2004,1603,Y,1575,0,1575,2,7,1,3,732,6,2008,284000
667,20,74,9612,Reg,Lvl,Somerst,1Fam,8,5,2008,2009,1468,Y,1468,0,1468,2,6,1,3,898,12,2009,244600
2303,60,66,16226,IR3,Lvl,CollgCr,1Fam,8,5,1998,1999,1028,Y,1210,1242,2452,2,9,1,2,683,5,2007,267000
1362,20,53,5470,Reg,Lvl,OldTown,1Fam,3,5,1958,1958,792,Y,792,0,792,1,4,0,1,366,8,2009,99900
1679,30,55,7111,IR1,Bnk,BrkSide,1Fam,5,7,1928,1983,1008,Y,1143,0,1143,1,5,1,1,288,7,2008,138000
1809,50,60,7200,Reg,Lvl,IDOTRR,1Fam,5,6,1938,1995,803,Y,803,557,1360,1,6,0,1,297,7,2006,125500
2542,70,63,15576,Reg,Lvl,Crawfor,1Fam,6,7,1915,1976,840,Y,840,840,1680,2,8,0,1,308,3,2008,177000
1628,75,70,6300,Reg,Lvl,OldTown,1Fam,7,6,1910,2005,1226,Y,1226,878,2104,2,9,0,2,432,7,2006,155000
56,120,45,6264,IR1,Lvl,StoneBr,1Fam,8,5,1997,1997,1664,Y,1682,0,1682,1,6,1,2,528,7,2008,247900
1385,50,60,10818,Reg,Lvl,OldTown,1Fam,4,4,1910,1950,1077,Y,981,779,1760,1,7,1,2,648,2,2006,80000
7,20,80,11622,Reg,Lvl,NAmes,1Fam,5,6,1961,1961,882,Y,896,0,896,1,5,0,1,730,6,2010,105000
325,20,96,12456,Reg,Lvl,NridgHt,1Fam,10,5,2006,2007,1700,Y,1718,0,1718,2,7,1,3,786,7,2009,337500
163,60,92,11952,Reg,Lvl,NWAmes,1Fam,7,6,1977,1977,808,Y,1161,808,1969,2,8,1,2,534,11,2007,190000
9,20,87,11029,IR1,Lvl,NAmes,1Fam,6,8,1958,2002,1184,Y,1414,0,1414,1,6,1,2,601,5,2008,176500
2295,60,65,8158,Reg,Lvl,CollgCr,1Fam,7,5,2003,2003,884,Y,884,884,1768,2,8,0,2,543,7,2008,224900
614,60,160,15623,IR1,Lvl,NoRidge,1Fam,10,5,1996,1996,2396,Y,2411,2065,4476,3,10,2,3,813,7,2007,745000
961,160,35,3735,Reg,Lvl,Somerst,TwnhsE,7,5,1999,1999,691,Y,713,739,1452,2,6,0,2,506,3,2006,183900
37,80,60,8400,Reg,Lvl,Gilbert,1Fam,7,5,1996,1997,384,Y,958,670,1628,2,7,1,2,390,6,2009,189000
657,60,92,11764,IR1,Lvl,NoRidge,1Fam,8,7,1999,2007,1152,Y,1164,1106,2270,2,9,1,3,671,4,2010,290000
419,20,106,12720,Reg,HLS,NridgHt,1Fam,10,5,2003,2003,2535,Y,2470,0,2470,1,7,2,3,789,2,2008,615000
1627,75,90,8100,Reg,Lvl,OldTown,1Fam,5,5,1898,1965,849,N,1075,1063,2138,2,11,0,2,360,11,2009,106000
95,60,63,8402,IR1,Lvl,Gilbert,1Fam,6,5,1998,1998,789,Y,789,676,1465,2,7,1,2,393,5,2010,180400
900,60,105,11025,Reg,HLS,NoRidge,1Fam,8,5,1992,1993,1334,Y,1520,1306,2826,2,9,3,3,888,10,2006,334000
1342,20,75,14559,Reg,Lvl,NAmes,1Fam,5,7,1951,2000,1008,Y,1363,0,1363,1,6,2,1,288,6,2009,164900
1878,20,70,8414,Reg,Lvl,Sawyer,1Fam,6,8,1963,2003,1059,Y,1068,0,1068,1,6,0,1,264,2,2006,154500
257,20,60,9000,Reg,Lvl,NAmes,1Fam,4,6,1971,1971,864,Y,864,0,864,1,5,0,2,528,5,2007,120500
382,20,87,11146,IR1,Lvl,NridgHt,1Fam,8,5,2006,2006,1709,Y,1717,0,1717,2,7,1,3,908,7,2009,255500
2515,50,60,10890,Reg,Lvl,SWISU,1Fam,5,5,1938,1950,1058,Y,1058,493,1551,2,6,0,1,240,7,2006,137000
2482,50,59,16466,IR1,Lvl,Edwards,1Fam,5,7,1955,1955,816,Y,872,521,1393,1,8,0,1,300,4,2008,135500
1957,50,70,6960,Reg,Lvl,Sawyer,1Fam,7,8,1940,1998,680,Y,798,504,1302,1,6,2,1,224,7,2007,165250
357,20,107,13891,Reg,Lvl,NridgHt,1Fam,9,5,2007,2007,2552,Y,2552,0,2552,2,8,2,3,932,10,2007,479069
1877,90,72,10791,Reg,Lvl,Sawyer,Duplex,4,5,1967,1967,0,Y,1296,0,1296,2,6,0,2,516,10,2006,90000
789,20,66,13695,Reg,Lvl,SawyerW,1Fam,6,5,2003,2004,1114,Y,1114,0,1114,1,6,0,2,576,7,2008,155000
2367,60,68,8846,Reg,Lvl,CollgCr,1Fam,6,5,2005,2006,750,Y,750,750,1500,2,6,0,2,564,8,2006,173900
20,60,74,13830,IR1,Lvl,Gilbert,1Fam,5,5,1997,1998,928,Y,928,701,1629,2,6,1,2,482,3,2010,189900
2743,20,150,215245,IR3,Low,Timber,1Fam,7,5,1965,1965,2136,Y,2036,0,2036,2,8,2,2,513,6,2009,375000
1881,190,75,11625,Reg,Lvl,Sawyer,2fmCon,5,4,1965,1965,1039,Y,1039,0,1039,1,6,0,2,504,4,2010,131500
412,20,94,13615,IR1,HLS,NridgHt,1Fam,9,5,2006,2006,1802,Y,1802,0,1802,2,7,1,3,843,6,2007,372000
2714,50,48,12822,IR1,Lvl,Mitchel,1Fam,7,5,2003,2003,1434,Y,1518,631,2149,1,6,1,2,670,8,2009,239686
946,160,34,3230,Reg,Lvl,Somerst,TwnhsE,6,5,1999,1999,729,Y,729,729,1458,2,5,1,2,440,6,2007,176000
809,60,65,8450,Reg,Lvl,SawyerW,1Fam,6,5,2001,2001,827,Y,827,850,1677,2,7,0,2,627,9,2008,190500
1141,60,80,8800,Reg,Lvl,NAmes,1Fam,6,7,1964,1997,845,Y,845,1309,2154,2,8,1,2,539,7,2007,224500
243,20,66,7920,Reg,Lvl,NAmes,1Fam,5,5,1970,2002,914,Y,914,0,914,1,5,0,1,368,10,2007,133000
774,20,91,11024,IR1,Lvl,SawyerW,1Fam,7,5,2005,2006,1400,Y,1400,0,1400,2,6,0,2,612,10,2006,186800
1212,20,82,9888,Reg,Lvl,NAmes,1Fam,5,6,1954,1975,936,Y,936,0,936,1,5,0,1,240,3,2006,121000
1123,20,100,10175,IR1,Lvl,NAmes,1Fam,6,5,1964,1964,1425,Y,1425,0,1425,2,7,1,2,576,7,2008,180500
630,60,98,12203,IR1,Lvl,NoRidge,1Fam,8,5,1998,1999,1225,Y,1276,1336,2612,2,8,1,3,676,7,2009,336000
769,20,63,7500,Reg,Lvl,SawyerW,1Fam,7,5,2006,2006,1141,Y,1141,0,1141,1,6,0,2,484,6,2009,152000
1366,20,60,10122,Reg,Lvl,OldTown,1Fam,4,6,1948,1950,0,N,869,0,869,1,3,0,1,390,8,2008,89900
1925,85,74,8740,IR1,Lvl,Sawyer,1Fam,5,6,1982,1982,840,Y,860,0,860,1,4,0,2,528,7,2009,137000
2297,60,41,10905,IR2,Lvl,CollgCr,1Fam,7,5,2003,2003,1129,Y,1129,1198,2327,2,9,1,2,596,8,2008,240000
2253,20,68,7480,Reg,Lvl,CollgCr,1Fam,5,6,1972,1972,876,Y,876,0,876,1,5,0,2,484,6,2010,127000
1501,85,69,10205,IR1,Lvl,NAmes,1Fam,5,5,1962,1962,925,Y,999,0,999,1,6,0,1,300,5,2006,134500
2255,20,120,10356,Reg,Lvl,CollgCr,1Fam,5,6,1975,1975,969,Y,969,0,969,1,5,0,2,440,1,2007,122000
1329,50,55,7150,Reg,Lvl,NAmes,1Fam,4,4,1955,1955,1190,Y,1040,500,1540,1,7,0,1,352,8,2007,115000
1353,60,78,11419,Reg,Lvl,NAmes,1Fam,7,7,1948,1999,699,Y,801,726,1527,1,6,1,2,410,12,2009,152500
1617,50,56,8398,Reg,Lvl,OldTown,1Fam,6,8,1910,1990,926,Y,991,659,1650,2,6,0,2,468,11,2007,144100
1138,80,82,9020,Reg,Lvl,NAmes,1Fam,6,5,1964,1964,1248,Y,1350,0,1350,1,6,0,2,520,6,2008,168500
1616,190,85,13600,Reg,Lvl,OldTown,2fmCon,5,5,1900,1950,662,N,1422,915,2337,2,10,0,2,560,9,2007,90000
615,60,118,35760,IR1,Lvl,NoRidge,1Fam,10,5,1995,1996,1930,Y,1831,1796,3627,3,10,1,3,807,7,2006,625000
328,20,90,11694,Reg,Lvl,NridgHt,1Fam,9,5,2007,2007,1822,Y,1828,0,1828,2,9,1,3,774,7,2007,314813
2534,30,54,7223,Reg,Lvl,Crawfor,1Fam,5,5,1926,1950,1290,Y,1422,0,1422,1,6,0,1,352,4,2007,136500
259,120,34,4060,Reg,Lvl,NAmes,TwnhsE,6,5,1998,1999,1405,Y,1337,0,1337,2,5,0,2,511,8,2008,181000
2271,60,90,11367,Reg,Lvl,CollgCr,1Fam,8,5,2002,2002,1065,Y,1091,898,1989,2,7,1,2,586,11,2006,255000
816,60,76,9291,IR1,Lvl,SawyerW,1Fam,6,5,1993,1993,832,Y,832,878,1710,2,7,0,2,506,6,2008,187000
1301,20,60,11556,Reg,Lvl,NAmes,1Fam,5,9,1953,2006,864,Y,1154,0,1154,1,6,0,1,336,7,2007,142000
278,160,24,1920,Reg,Lvl,BrDale,TwnhsE,5,5,1971,1971,765,Y,765,600,1365,1,6,0,2,440,8,2007,122500
17,80,75,13860,Reg,Lvl,NAmes,1Fam,8,7,1972,1995,1952,Y,2000,704,2704,2,9,3,2,538,7,2009,345000
2111,20,68,8814,Reg,Lvl,CollgCr,1Fam,7,5,2005,2007,1274,Y,1274,0,1274,2,6,0,2,508,1,2007,203000
887,80,100,14330,IR1,Low,Veenker,1Fam,7,4,1974,1974,1748,Y,2151,495,2646,2,9,4,2,550,1,2006,260000
226,20,65,9750,Reg,Lvl,NAmes,1Fam,6,8,1969,1969,1054,Y,1054,0,1054,1,6,0,2,460,7,2008,151000
2709,20,71,9187,Reg,Bnk,Mitchel,1Fam,6,5,1983,1983,1084,Y,1080,0,1080,1,5,0,2,484,6,2007,134000
2609,60,78,15600,Reg,Lvl,Crawfor,1Fam,5,7,1950,1963,1168,Y,1278,1037,2315,2,9,3,1,342,7,2006,257000
1209,70,79,9480,Reg,Lvl,NAmes,1Fam,5,7,1942,1995,728,Y,888,756,1644,1,7,2,1,312,6,2007,146500
305,160,24,2280,Reg,Lvl,NPkVill,Twnhs,6,6,1975,1975,855,Y,855,601,1456,2,6,1,2,440,6,2010,149900
950,120,35,4109,IR1,Lvl,Somerst,TwnhsE,9,5,1999,2000,1557,Y,1557,0,1557,2,5,1,2,484,6,2008,305000
456,120,44,7390,IR1,Lvl,NridgHt,TwnhsE,9,5,2008,2009,1884,Y,1884,0,1884,2,6,1,2,649,5,2009,320000
491,60,65,10237,Reg,Lvl,Gilbert,1Fam,6,5,2005,2006,728,Y,728,728,1456,2,8,1,2,390,2,2006,170440
411,60,86,10562,Reg,Lvl,NridgHt,1Fam,8,5,2007,2007,1582,Y,1610,551,2161,1,8,1,3,789,11,2007,325624
1758,30,50,8635,Reg,Lvl,BrkSide,1Fam,5,5,1925,1950,1072,Y,1072,0,1072,1,5,0,5,1184,8,2009,126500
775,60,76,10142,IR1,Lvl,SawyerW,1Fam,7,5,2004,2004,956,Y,956,1128,2084,2,8,0,2,618,1,2010,233000
2006,70,120,13728,Reg,Lvl,Edwards,1Fam,6,7,1935,1986,1127,Y,1236,872,2108,2,7,2,2,540,7,2008,235000
1272,20,66,12400,IR1,Lvl,NAmes,1Fam,6,7,1958,1998,1215,Y,1215,0,1215,1,6,0,1,297,6,2009,155000
625,60,89,10557,IR1,Lvl,NoRidge,1Fam,9,5,1998,1998,1408,Y,1671,1407,3078,2,9,1,3,806,7,2007,410000
455,120,58,10110,IR1,Lvl,NridgHt,TwnhsE,9,5,2008,2008,1858,Y,1866,0,1866,2,7,1,3,870,11,2008,336860
2388,20,75,9825,Reg,Lvl,Edwards,1Fam,5,5,1966,1966,1092,Y,1092,0,1092,1,6,0,1,264,4,2008,123000
2180,20,75,9525,Reg,Lvl,CollgCr,1Fam,5,6,1995,2006,1099,Y,1099,0,1099,1,6,0,1,352,6,2008,144000
507,60,96,11631,IR1,Lvl,Gilbert,1Fam,8,5,2004,2005,1052,Y,1052,1321,2373,2,9,1,3,632,6,2006,258000
1635,75,65,8850,IR1,Bnk,OldTown,1Fam,7,6,1916,1950,815,Y,815,875,1690,1,7,1,1,225,7,2006,144000
628,60,78,12011,IR1,Lvl,NoRidge,1Fam,8,5,1998,1998,1086,Y,1086,838,1924,2,7,1,2,592,6,2006,280000
713,60,75,9000,Reg,Lvl,Somerst,1Fam,8,5,2008,2008,768,Y,786,804,1590,2,6,0,2,676,6,2009,210000
1697,50,50,5000,Reg,Lvl,BrkSide,1Fam,5,7,1941,2006,672,Y,832,378,1210,1,6,0,1,240,5,2008,124000
1205,90,95,11345,Reg,Lvl,NAmes,Duplex,5,5,1948,1950,928,Y,928,992,1920,2,10,0,2,400,7,2007,137000
827,120,50,7175,Reg,Lvl,SawyerW,TwnhsE,6,5,1990,1991,1398,Y,1398,0,1398,2,5,0,2,542,7,2006,172000
1510,70,57,9906,Reg,Lvl,OldTown,1Fam,4,4,1925,1950,686,N,810,518,1328,1,8,0,1,210,9,2006,107000
181,60,80,10400,Reg,Lvl,NWAmes,1Fam,7,6,1980,1988,738,Y,1277,767,2044,2,7,1,2,489,3,2008,185000
1101,20,65,8125,Reg,Lvl,NAmes,1Fam,5,7,1959,1959,864,Y,864,0,864,1,5,0,1,308,9,2009,118000
631,20,136,11675,IR1,Lvl,NoRidge,1Fam,8,5,1998,1998,1982,Y,2006,0,2006,2,5,1,3,938,7,2008,350000
1716,45,50,6000,Reg,Lvl,BrkSide,1Fam,6,7,1926,2004,884,Y,904,0,904,1,4,0,1,180,1,2009,119000
1372,30,60,10914,Reg,Lvl,NAmes,1Fam,3,3,1929,1950,715,N,715,0,715,1,4,0,2,660,8,2006,68000
1720,50,60,5520,IR1,Lvl,BrkSide,1Fam,5,7,1920,1997,565,Y,565,651,1216,1,6,1,1,355,4,2008,115000
1531,70,60,6600,Reg,Lvl,OldTown,1Fam,5,4,1892,1965,994,N,1378,994,2372,2,11,0,1,432,12,2009,107500
1378,30,60,10230,Reg,Lvl,OldTown,1Fam,5,7,1925,1950,1054,Y,1078,0,1078,1,6,0,1,264,12,2009,125000
470,120,60,7313,Reg,Lvl,NridgHt,TwnhsE,9,5,2005,2005,1561,Y,1561,0,1561,2,6,1,2,556,8,2007,277500
201,60,80,10480,Reg,Lvl,NWAmes,1Fam,7,6,1976,1976,803,Y,1098,866,1964,2,8,1,2,483,9,2008,205000
1751,50,51,6120,Reg,Lvl,OldTown,1Fam,7,5,1931,1950,952,Y,1022,752,1774,2,8,2,2,468,4,2008,129900
1221,20,80,10197,IR1,Lvl,NAmes,1Fam,6,5,1961,1961,1362,Y,1362,0,1362,1,6,1,2,504,6,2008,163000
177,60,80,11584,Reg,Lvl,NWAmes,1Fam,7,6,1979,1979,539,Y,1040,685,1725,2,6,1,2,550,11,2007,197000
1600,30,60,8520,Reg,Lvl,OldTown,1Fam,5,6,1923,2006,968,Y,968,0,968,1,5,0,2,480,7,2007,100000
1664,20,65,9750,Reg,Lvl,OldTown,1Fam,5,5,1958,1958,960,Y,960,0,960,1,5,0,2,624,7,2006,125000
1401,80,85,13400,Reg,Lvl,NAmes,1Fam,5,5,1966,1966,1024,Y,1086,0,1086,1,6,1,2,484,6,2006,159950
460,120,48,6955,IR1,Lvl,NridgHt,TwnhsE,7,5,2005,2006,1368,Y,1368,0,1368,2,6,1,2,474,9,2006,202500
63,160,68,13108,IR1,Lvl,StoneBr,1Fam,8,5,1994,1994,2062,Y,2079,608,2687,2,9,0,2,618,12,2006,270000
2123,20,86,11210,IR1,Lvl,CollgCr,1Fam,7,5,2005,2006,1614,Y,1614,0,1614,2,7,0,3,865,7,2006,221500
529,120,43,3182,Reg,Lvl,Blmngtn,TwnhsE,7,5,2005,2006,1373,Y,1555,0,1555,2,7,1,2,430,5,2009,192500
2188,20,70,9100,Reg,Lvl,CollgCr,1Fam,7,5,2000,2000,1525,Y,1525,0,1525,2,6,0,2,541,9,2006,235000
215,20,78,10140,Reg,Lvl,NWAmes,1Fam,5,6,1975,1975,1056,Y,1074,0,1074,1,6,0,2,495,7,2006,153500
2216,60,79,12420,Reg,Lvl,CollgCr,1Fam,7,5,2001,2001,944,Y,944,896,1840,2,6,0,2,622,6,2009,230000
2717,60,85,11050,Reg,Lvl,Mitchel,1Fam,8,5,1998,1999,1049,Y,1036,880,1916,2,8,1,3,741,5,2010,254900
2500,75,60,6204,Reg,Bnk,SWISU,1Fam,4,5,1912,1950,795,N,954,795,2230,1,10,0,1,440,3,2006,118500
543,20,182,14572,IR3,Lvl,Gilbert,1Fam,7,5,2004,2004,1530,Y,1530,0,1530,2,7,1,3,630,11,2007,259000
1390,70,60,7200,Reg,Lvl,OldTown,1Fam,7,9,1910,2008,560,Y,930,760,1690,2,5,0,2,624,8,2009,156500
2091,60,77,9965,Reg,Lvl,CollgCr,1Fam,7,5,2007,2007,1264,Y,1282,1414,2696,2,10,1,3,792,10,2007,383970
2682,30,60,6060,Reg,Lvl,IDOTRR,1Fam,5,9,1930,2007,837,Y,1001,0,1001,1,5,0,1,216,11,2007,124900
1552,30,50,5633,Reg,Lvl,OldTown,1Fam,5,7,1925,1950,844,Y,844,0,844,1,5,0,1,216,7,2006,111500
465,120,44,6442,IR1,Lvl,NridgHt,TwnhsE,8,5,2006,2006,1370,Y,1370,0,1370,2,6,1,2,484,10,2007,202500
2052,80,74,10778,IR1,Lvl,SawyerW,1Fam,7,6,1990,1991,1054,Y,1061,0,1061,1,4,0,2,462,7,2009,162000
283,160,21,1680,Reg,Lvl,BrDale,Twnhs,5,5,1971,1971,525,Y,525,567,1092,1,6,0,1,320,3,2010,105500
2816,20,75,12518,IR1,Lvl,Mitchel,1Fam,5,7,1968,1968,1008,Y,1008,0,1008,1,6,0,1,384,4,2009,139500
1444,20,60,7200,Reg,Lvl,NAmes,1Fam,5,3,1950,1950,864,Y,1238,0,1238,1,6,1,1,357,11,2007,102000
732,60,100,13162,Reg,Lvl,Somerst,1Fam,9,5,2006,2006,2036,Y,2036,604,2640,3,11,1,3,792,11,2006,405749
1800,70,60,10266,Reg,Lvl,IDOTRR,1Fam,6,6,1952,1952,768,Y,768,768,1536,1,7,0,1,308,5,2008,136000
2798,20,85,14601,Reg,Lvl,Timber,1Fam,9,5,2006,2006,1838,Y,1838,0,1838,2,8,1,3,765,3,2009,315000
372,20,98,16033,IR1,Lvl,NridgHt,1Fam,9,5,2004,2005,1833,Y,1850,0,1850,2,8,1,3,772,3,2006,326000
1495,60,70,7700,Reg,Lvl,NAmes,1Fam,6,5,1966,1966,756,Y,1051,788,1839,1,7,1,2,442,6,2010,155000
324,20,96,12444,Reg,Lvl,NridgHt,1Fam,8,5,2008,2008,1932,Y,1932,0,1932,2,7,1,3,774,11,2008,394617
1332,30,65,7898,Reg,Lvl,NAmes,1Fam,4,7,1920,1994,576,Y,985,0,985,1,4,0,2,676,4,2010,105000
2655,70,59,10690,Reg,Lvl,IDOTRR,1Fam,5,7,1920,1997,672,Y,672,672,1344,1,6,0,1,468,7,2009,147000
791,20,60,12450,Reg,Lvl,SawyerW,1Fam,5,5,2003,2004,1094,Y,1094,0,1094,1,6,0,2,576,5,2007,149000
760,20,60,7200,Reg,Lvl,Somerst,1Fam,6,5,2006,2006,1262,Y,1262,0,1262,2,5,0,2,572,5,2006,185000
511,60,73,8499,IR1,Lvl,Gilbert,1Fam,6,5,2006,2007,616,Y,616,796,1412,2,6,1,2,432,3,2007,156932
1255,20,70,8176,Reg,Lvl,NAmes,1Fam,5,6,1958,1992,1056,Y,1056,0,1056,1,6,0,1,308,8,2007,139000
1986,20,73,39104,IR1,Low,ClearCr,1Fam,7,7,1954,2005,1385,Y,1363,0,1363,1,5,2,2,439,4,2008,241500
1786,45,40,5680,Reg,Lvl,OldTown,1Fam,5,4,1901,1950,592,N,933,240,1173,2,7,0,1,240,9,2007,113000
1791,50,59,5310,Reg,Lvl,OldTown,1Fam,6,8,1910,2003,485,Y,1001,634,1635,1,5,0,1,255,6,2006,117000
2481,20,60,8172,Reg,HLS,Edwards,1Fam,4,5,1955,1955,864,Y,864,0,864,1,5,0,2,528,10,2007,79275
288,160,21,1680,Reg,Lvl,BrDale,Twnhs,6,5,1972,1972,525,Y,525,567,1092,1,6,0,1,264,10,2006,108000
1596,30,48,5747,Reg,Lvl,OldTown,1Fam,3,4,1920,1950,798,Y,840,0,840,1,5,0,1,250,6,2006,64000
2041,20,60,11100,Reg,Low,Edwards,1Fam,4,7,1946,2006,0,Y,930,0,930,1,6,0,1,308,4,2010,84900
2777,20,93,18265,Reg,Lvl,Timber,1Fam,6,5,1986,1986,1256,Y,1256,0,1256,2,6,1,2,578,3,2008,180000
2100,20,93,10481,IR1,Lvl,CollgCr,1Fam,8,5,2006,2007,2140,Y,2140,0,2140,2,8,0,3,894,6,2007,360000
2223,60,68,11250,IR1,Lvl,CollgCr,1Fam,7,5,2001,2002,920,Y,920,866,1786,2,6,1,2,608,9,2008,223500
668,20,75,9910,Reg,Lvl,Somerst,1Fam,7,6,2007,2007,1369,Y,1369,0,1369,2,5,0,2,605,9,2007,213133
2342,20,48,10635,IR2,Lvl,CollgCr,1Fam,8,5,2003,2003,1657,Y,1668,0,1668,2,8,1,2,502,5,2010,232000
707,20,73,8987,Reg,Lvl,Somerst,1Fam,8,5,2005,2006,1595,Y,1595,0,1595,2,6,1,3,880,5,2010,221500
2021,50,75,9525,Reg,Lvl,Edwards,1Fam,6,4,1954,1972,994,Y,1216,639,1855,2,7,0,1,325,10,2006,136900
2177,60,43,10667,IR2,Lvl,CollgCr,1Fam,7,6,1996,1996,799,Y,827,834,1661,2,6,1,2,550,4,2009,212000
186,60,80,16692,IR1,Lvl,NWAmes,1Fam,7,5,1978,1978,1392,Y,1392,1392,2784,3,12,2,2,564,7,2006,250000
354,60,109,14154,Reg,Lvl,NridgHt,1Fam,7,5,2006,2006,1063,Y,1071,1101,2172,2,9,1,3,947,8,2007,280000
2652,30,46,3672,Reg,Lvl,IDOTRR,1Fam,5,7,1922,1950,816,Y,816,0,816,1,5,0,1,100,9,2007,75200
2353,20,85,10200,Reg,Lvl,CollgCr,1Fam,8,5,2007,2007,1578,Y,1602,0,1602,2,7,1,3,810,1,2009,293200
1405,80,93,10090,IR1,Lvl,NAmes,1Fam,7,5,1963,1999,725,Y,1035,616,1651,2,6,2,1,276,10,2007,172000
802,20,88,10994,IR1,Lvl,SawyerW,1Fam,8,5,2005,2006,1844,Y,1844,0,1844,2,7,1,2,620,9,2009,257000
1636,70,50,9000,Reg,Lvl,OldTown,1Fam,8,9,1890,2002,346,Y,1157,1111,2268,3,7,0,2,624,4,2010,240000
924,160,39,3515,Reg,Lvl,Somerst,TwnhsE,7,5,2004,2004,840,Y,840,840,1680,2,3,0,2,588,1,2010,190000
612,60,82,9430,Reg,Lvl,NoRidge,1Fam,8,5,1999,1999,1252,Y,1268,1097,2365,2,8,1,3,856,7,2009,337000
605,80,64,7848,IR1,Lvl,Gilbert,1Fam,7,6,1999,1999,384,Y,774,656,1430,2,7,1,2,410,6,2009,168000
1238,20,120,13560,Reg,Lvl,NAmes,1Fam,6,3,1968,1968,1392,Y,1392,0,1392,1,5,2,2,576,7,2009,110000
273,160,21,1890,Reg,Lvl,BrDale,Twnhs,6,7,1972,1972,494,Y,494,536,1030,1,6,0,1,264,7,2006,116000
2729,80,140,11080,Reg,Lvl,Mitchel,1Fam,6,6,1975,1975,1128,Y,1210,0,1210,2,6,0,2,528,5,2006,148000
506,60,105,15578,IR1,Lvl,Gilbert,1Fam,6,5,2006,2006,728,Y,728,728,1456,2,8,0,2,429,5,2006,172785
437,120,34,3901,Reg,Lvl,NridgHt,Twnhs,6,5,2005,2006,1302,Y,1302,0,1302,1,5,1,2,631,8,2007,204000
1316,20,66,12778,Reg,Lvl,NAmes,1Fam,5,6,1952,2003,1008,Y,1008,0,1008,1,4,0,1,280,1,2006,139500
1685,50,55,8674,Reg,HLS,BrkSide,1Fam,5,6,1950,1950,910,Y,910,525,1435,1,6,0,1,308,3,2007,128250
1320,20,68,7922,Reg,Lvl,NAmes,1Fam,5,7,1953,2007,1057,Y,1057,0,1057,1,5,0,1,246,1,2010,109000
2588,50,86,11500,IR1,Lvl,Crawfor,1Fam,7,7,1936,1987,1017,Y,1020,1037,2057,1,6,1,1,180,6,2006,250000
1849,50,80,17120,Reg,Lvl,ClearCr,1Fam,4,4,1959,1959,0,Y,1120,468,1588,2,7,1,2,680,7,2008,134432
540,120,43,3013,Reg,Lvl,Blmngtn,TwnhsE,7,5,2005,2005,1362,Y,1506,0,1506,2,6,1,2,440,4,2006,213490
2884,90,55,12640,IR1,Lvl,Mitchel,Duplex,6,5,1976,1976,1728,Y,1728,0,1728,2,8,0,2,574,7,2006,150900
1139,20,90,9900,Reg,Lvl,NAmes,1Fam,5,5,1961,1961,1114,Y,1114,0,1114,1,5,0,2,451,5,2008,140000
916,120,32,3784,IR1,Lvl,Somerst,TwnhsE,8,5,2006,2007,1511,Y,1565,0,1565,2,5,0,2,476,2,2007,193800
1642,75,75,13500,Reg,Lvl,OldTown,1Fam,7,8,1879,1987,819,Y,1312,1142,2454,2,8,1,2,576,2,2007,185000
1914,20,78,10335,IR1,Lvl,Sawyer,1Fam,5,6,1968,1993,1461,Y,1721,0,1721,2,7,1,2,440,7,2006,180000
453,120,61,7658,Reg,Lvl,NridgHt,TwnhsE,9,5,2005,2005,1752,Y,1752,0,1752,2,6,1,2,576,2,2010,319900
1361,50,50,7000,Reg,Lvl,OldTown,1Fam,6,6,1924,1950,617,Y,865,445,1310,2,6,0,1,398,5,2006,112000
1507,20,56,9836,Reg,Bnk,OldTown,1Fam,6,5,2008,2008,192,N,1133,0,1133,1,7,0,1,308,12,2008,143000
1358,90,76,12436,Reg,Lvl,NAmes,Duplex,5,5,1957,1957,1824,Y,1824,0,1824,2,9,0,2,484,1,2008,146000
2443,160,32,3363,Reg,Lvl,Edwards,TwnhsE,7,5,2004,2004,976,Y,976,732,1708,2,7,0,2,380,4,2006,130000
1027,20,130,11700,Reg,Lvl,NWAmes,1Fam,6,5,1968,1968,1295,Y,1295,0,1295,1,6,0,2,528,4,2007,164000
2262,85,60,7200,Reg,Lvl,CollgCr,1Fam,5,8,1972,2003,768,Y,768,0,768,1,5,0,1,396,4,2009,133900
2147,60,80,10041,IR1,Lvl,SawyerW,1Fam,8,5,1992,1992,908,Y,927,988,1915,2,8,1,2,506,2,2006,220000
1856,30,55,8250,Reg,Lvl,Edwards,1Fam,5,7,1935,1950,0,N,1032,0,1032,1,6,1,1,260,6,2006,125000
1516,50,60,5520,Reg,Lvl,OldTown,1Fam,4,6,1920,1980,1147,N,1147,510,1657,1,9,1,1,162,7,2006,111500
2695,120,41,5748,IR1,HLS,Crawfor,TwnhsE,8,5,2005,2006,1573,Y,1778,0,1778,2,5,1,2,495,2,2006,375000
1729,30,51,6120,Reg,Lvl,BrkSide,1Fam,5,7,1931,1993,715,Y,875,0,875,1,5,0,1,180,11,2009,105000
304,120,24,2280,Reg,Lvl,NPkVill,Twnhs,7,7,1976,1976,1055,Y,1055,0,1055,2,4,0,1,319,4,2006,137500
553,60,74,9056,IR1,Lvl,Gilbert,1Fam,8,5,2004,2004,707,Y,707,707,1414,2,6,1,2,403,10,2006,178000
1882,20,70,11200,Reg,Lvl,Sawyer,1Fam,5,5,1965,1965,1040,Y,1040,0,1040,1,5,0,1,384,2,2008,129500
616,60,174,15138,IR1,Lvl,NoRidge,1Fam,8,5,1995,1996,1462,Y,1490,1304,2794,2,9,1,3,810,7,2009,403000
2844,160,41,2665,Reg,Lvl,MeadowV,TwnhsE,5,6,1977,1977,757,Y,925,550,1475,2,6,1,1,336,7,2006,127000
1857,190,59,4484,IR1,Lvl,SWISU,2fmCon,5,6,1942,1979,672,N,778,504,1282,1,4,0,1,240,7,2007,108500
826,120,50,7175,Reg,Lvl,SawyerW,TwnhsE,6,5,1990,1991,1332,Y,1332,0,1332,2,5,0,2,542,2,2009,145000
1663,20,65,9750,Reg,Lvl,OldTown,1Fam,5,6,1959,1959,984,Y,984,0,984,1,5,0,1,308,6,2008,110000
1303,20,70,8092,Reg,Lvl,NAmes,1Fam,6,8,1954,2000,1050,Y,1050,0,1050,1,6,0,1,286,6,2006,156000
2770,60,92,12003,Reg,Lvl,Timber,1Fam,8,5,2009,2010,774,Y,774,1194,1968,2,8,1,3,680,5,2010,269500
1572,20,100,12000,Reg,Lvl,OldTown,1Fam,5,7,1948,2005,924,Y,1122,0,1122,1,6,0,2,528,5,2008,147000
1201,50,80,9600,Reg,Lvl,NAmes,1Fam,6,5,1950,1950,1032,Y,1032,220,1252,1,6,0,1,288,4,2008,119000
1645,30,84,11340,Reg,Lvl,OldTown,1Fam,6,5,1923,1950,1200,Y,1200,0,1200,1,7,0,1,312,3,2006,125000
2697,120,44,4750,IR1,HLS,Crawfor,TwnhsE,8,5,2006,2007,1573,Y,1625,0,1625,2,5,1,2,538,12,2007,235000
2696,120,59,5568,IR1,HLS,Crawfor,TwnhsE,8,5,2006,2007,1573,Y,1625,0,1625,2,5,1,2,495,10,2007,375000
2862,20,83,13383,IR1,Lvl,Mitchel,1Fam,5,5,1969,2000,1188,Y,1404,0,1404,2,7,1,2,504,3,2009,160000
1045,60,78,10530,Reg,Lvl,NWAmes,1Fam,7,6,1993,1993,1148,Y,1091,984,2075,2,8,1,2,473,8,2007,255000
1204,80,80,9600,Reg,Lvl,NAmes,1Fam,6,6,1955,1996,992,Y,1661,0,1661,1,8,1,1,377,10,2008,165500
368,20,120,14780,IR1,HLS,NridgHt,1Fam,9,5,2005,2005,1868,Y,1868,0,1868,2,7,1,3,1085,6,2006,415000
432,20,71,9254,IR1,Lvl,NridgHt,1Fam,8,5,2005,2005,1721,Y,1721,0,1721,2,7,0,2,554,1,2007,232698
2043,190,68,10880,Reg,Lvl,Edwards,2fmCon,5,5,1950,1950,1164,N,1164,0,1164,1,5,0,1,240,8,2008,125000
2720,60,71,12209,IR1,Lvl,Mitchel,1Fam,6,5,2001,2002,804,Y,804,1157,1961,2,7,1,2,560,6,2009,215000
1626,75,60,10800,Reg,Lvl,OldTown,1Fam,7,7,1914,1970,880,N,880,888,1768,1,6,2,2,320,10,2006,163000
985,120,32,10846,IR1,Lvl,Veenker,TwnhsE,8,5,1993,1993,1719,Y,1719,0,1719,1,6,2,2,473,5,2008,324000
388,20,90,11520,Reg,Lvl,NridgHt,1Fam,9,5,2005,2005,1698,Y,1698,0,1698,2,7,1,3,730,6,2010,275000
1263,20,73,8760,Reg,Lvl,NAmes,1Fam,6,6,1959,1959,1194,Y,1194,0,1194,1,6,0,1,312,4,2010,148000
934,160,24,2544,Reg,Lvl,Somerst,Twnhs,7,5,2005,2005,600,Y,520,623,1223,2,4,0,2,480,7,2006,147400
764,20,68,8736,IR1,Lvl,Somerst,1Fam,7,5,2003,2004,1553,Y,1553,0,1553,2,6,0,2,588,8,2009,234500
796,20,81,9260,Reg,Lvl,SawyerW,1Fam,7,5,2007,2007,1162,Y,1162,0,1162,2,6,0,2,483,3,2008,170000
638,60,95,11787,IR1,Lvl,NoRidge,1Fam,7,5,1996,1997,1379,Y,1383,1015,2398,2,8,1,3,834,8,2007,315750
43,60,72,10463,IR1,HLS,Gilbert,1Fam,8,5,2005,2005,893,Y,901,900,1801,2,8,1,3,800,6,2006,239900
837,90,75,8250,Reg,Lvl,SawyerW,Duplex,6,7,1981,1981,0,Y,964,918,1882,2,8,2,2,612,5,2009,160000
415,20,131,14828,IR1,Lvl,NridgHt,1Fam,9,5,2004,2005,1780,Y,1780,0,1780,2,7,1,3,816,8,2006,378000
320,20,65,7150,Reg,Lvl,NAmes,1Fam,5,6,1966,1966,988,Y,988,0,988,1,5,0,1,360,11,2007,129250
1188,20,80,9600,Reg,Lvl,NAmes,1Fam,5,6,1960,1960,1296,Y,1496,0,1496,2,6,0,2,450,2,2008,141500
2293,60,70,8749,Reg,Lvl,CollgCr,1Fam,7,5,2003,2003,979,Y,992,940,1932,2,7,1,2,610,6,2007,213000
1908,20,65,7832,Reg,Lvl,Sawyer,1Fam,5,5,1968,1968,864,Y,864,0,864,1,4,0,1,280,5,2010,137250
889,20,95,19508,Reg,Lvl,Veenker,1Fam,6,5,1974,1974,1430,Y,1430,0,1430,2,6,2,2,484,7,2008,192000
1687,40,50,9100,Reg,Lvl,BrkSide,1Fam,5,6,1930,1960,742,Y,779,0,935,1,4,0,1,308,8,2008,79500
1006,20,68,50271,IR1,Low,Veenker,1Fam,9,5,1981,1987,1842,Y,1842,0,1842,0,5,1,3,894,11,2006,385000
2578,50,130,9600,IR1,HLS,Crawfor,1Fam,5,7,1940,1950,728,Y,976,332,1308,1,7,2,1,256,6,2009,160000
1053,90,75,9750,Reg,Lvl,NWAmes,Duplex,5,6,1965,1965,1625,Y,1625,0,1625,2,8,0,2,484,8,2008,140500
1741,70,51,6120,Reg,Lvl,BrkSide,1Fam,5,8,1920,2004,939,Y,939,574,1513,1,8,0,1,180,5,2007,137500
298,120,53,4043,Reg,Lvl,NPkVill,TwnhsE,6,5,1977,1977,1069,Y,1069,0,1069,2,4,1,2,440,7,2010,127500
2479,20,60,8172,Reg,Lvl,Edwards,1Fam,4,5,1955,1955,768,Y,768,0,768,1,4,1,1,355,7,2007,125000
2415,60,75,7950,IR1,Bnk,Edwards,1Fam,6,6,1977,1977,690,Y,698,728,1426,1,6,0,2,440,7,2009,159500
2778,20,130,11457,IR1,Lvl,Timber,1Fam,6,5,1988,1988,1392,Y,1412,0,1412,2,6,1,2,576,3,2009,175000
22,60,72,8702,IR1,Lvl,Gilbert,1Fam,6,5,1997,1998,926,Y,926,678,1604,2,7,1,2,470,4,2008,187500
1863,70,54,6629,Reg,Lvl,Edwards,1Fam,6,6,1925,1950,672,N,697,672,1369,2,6,0,1,300,7,2009,103600
1248,20,109,9723,IR1,Lvl,NAmes,1Fam,6,7,1963,1963,1008,Y,1008,0,1008,1,5,0,2,430,10,2006,135000
1127,20,80,8800,Reg,Lvl,NAmes,1Fam,7,6,1966,1966,1174,Y,1200,0,1200,2,6,1,2,440,10,2007,163500
1392,30,60,5400,Reg,Lvl,OldTown,1Fam,5,6,1920,1950,691,Y,691,0,691,1,4,0,1,216,1,2007,86000
1527,70,60,9600,Reg,Lvl,OldTown,1Fam,5,7,1910,2002,264,Y,768,664,1432,2,7,0,2,360,5,2007,132000
1356,20,50,8000,Reg,Lvl,NAmes,1Fam,6,6,1948,2002,972,Y,972,0,972,1,5,1,1,240,5,2009,132000
319,20,65,7150,Reg,Lvl,NAmes,1Fam,5,5,1967,1967,892,Y,892,0,892,1,5,0,1,288,7,2009,100000
1677,70,144,21384,Reg,Lvl,BrkSide,1Fam,5,6,1923,2004,1324,Y,1072,504,1576,1,6,1,2,528,5,2009,223500
489,20,65,10237,Reg,Lvl,Gilbert,1Fam,6,5,2005,2006,1316,Y,1316,0,1316,2,6,1,2,397,10,2006,169990
824,120,55,7892,Reg,Lvl,SawyerW,TwnhsE,6,5,1979,1979,918,Y,918,0,918,2,5,1,1,264,4,2010,99500
2831,85,150,14137,Reg,Lvl,Mitchel,1Fam,4,5,1964,1964,1200,Y,1200,0,1200,1,6,0,3,850,11,2008,173000
1879,20,80,8816,Reg,Lvl,Sawyer,1Fam,5,6,1963,1963,1121,Y,1121,0,1121,1,5,0,2,480,6,2009,139000
703,20,75,10084,Reg,Lvl,Somerst,1Fam,8,5,2004,2005,1686,Y,1694,0,1694,2,7,1,2,636,8,2007,307000
1655,30,60,7200,Reg,Lvl,OldTown,1Fam,5,4,1910,2006,1022,N,1022,0,1022,1,4,0,1,280,6,2009,85000
1551,30,56,7741,Reg,Lvl,OldTown,1Fam,6,5,1924,1950,1032,N,1032,0,1032,1,5,0,1,280,6,2006,108000
1428,20,47,16321,IR1,Lvl,NAmes,1Fam,5,6,1957,1997,1484,Y,1600,0,1600,1,6,2,1,319,12,2006,207500
1413,20,66,7800,IR1,Lvl,NAmes,1Fam,5,5,1964,1964,912,Y,912,0,912,1,5,0,1,288,11,2006,115000
1936,20,102,17920,Reg,Lvl,Sawyer,1Fam,5,4,1955,1974,1763,Y,1779,0,1779,1,6,1,2,454,7,2006,170000
159,20,56,18559,IR1,Lvl,NWAmes,1Fam,7,5,1978,1978,2048,Y,2064,0,2064,2,7,2,2,550,8,2008,235000
2137,60,78,9316,Reg,Lvl,CollgCr,1Fam,7,5,2005,2006,879,Y,879,916,1795,2,7,0,2,578,10,2007,191000
1961,50,63,8375,Reg,Lvl,Sawyer,1Fam,5,7,1941,1973,576,Y,864,486,1350,1,6,0,3,627,6,2008,152400
1422,20,86,11650,Reg,Lvl,NAmes,1Fam,7,5,1959,1959,0,Y,1472,0,1472,2,5,1,2,484,6,2006,157500
1494,60,80,9760,Reg,Lvl,NAmes,1Fam,6,6,1964,1964,780,Y,798,813,1611,1,7,0,2,442,6,2008,167900
2096,20,65,10816,IR1,Lvl,CollgCr,1Fam,9,5,2008,2008,1720,Y,1720,0,1720,2,8,1,3,846,11,2009,332000
1559,50,40,4400,Reg,Lvl,OldTown,1Fam,6,8,1920,1950,648,Y,734,384,1118,1,6,0,2,440,10,2006,116000
381,60,134,16659,IR1,Lvl,NridgHt,1Fam,8,5,2007,2008,1582,Y,1582,570,2152,2,7,1,2,728,6,2007,260116
132,20,60,8089,Reg,HLS,StoneBr,1Fam,8,6,2007,2007,1419,Y,1419,0,1419,2,7,1,2,567,10,2007,392000
75,60,73,11184,IR1,Lvl,Gilbert,1Fam,6,5,1998,1998,932,Y,932,701,1633,2,7,1,2,460,4,2008,183000
992,20,90,10768,IR1,Lvl,Veenker,1Fam,5,8,1976,2004,1437,Y,1437,0,1437,2,6,1,2,528,7,2007,218000
2160,20,62,70761,IR1,Low,ClearCr,1Fam,7,5,1975,1975,1533,Y,1533,0,1533,2,5,2,2,576,12,2006,280000
2848,180,21,1596,Reg,Lvl,MeadowV,Twnhs,4,5,1973,1973,462,Y,526,462,988,1,5,0,1,297,11,2009,91000
301,160,24,2308,Reg,Lvl,NPkVill,TwnhsE,6,6,1976,1976,804,Y,804,744,1548,2,7,1,2,440,7,2007,155000
2053,20,114,10357,IR1,Lvl,SawyerW,1Fam,7,5,1990,1991,910,Y,1442,0,1442,2,6,1,2,719,5,2007,179900
1844,20,100,21370,Reg,Lvl,Sawyer,1Fam,5,5,1950,1950,0,Y,1640,0,1640,1,7,1,2,394,6,2006,131000
2412,60,60,6931,Reg,Lvl,Edwards,1Fam,7,5,2003,2004,746,Y,760,896,1656,2,7,1,2,397,7,2008,165400
2305,20,90,15750,Reg,Lvl,CollgCr,1Fam,8,5,1999,2000,1462,Y,1513,0,1513,2,5,1,2,521,6,2009,220000
2421,60,72,7200,Reg,Lvl,Edwards,1Fam,6,7,1976,2001,684,Y,684,714,1398,1,6,1,2,440,2,2008,160500
1840,90,120,11136,Reg,Lvl,Sawyer,Duplex,6,5,1964,1964,1921,Y,1921,0,1921,2,8,0,2,576,7,2006,150000
2423,20,74,8536,Reg,Lvl,Edwards,1Fam,5,5,2006,2007,1125,Y,1125,0,1125,1,5,0,2,430,4,2007,155000
1621,75,60,9600,Reg,Lvl,OldTown,1Fam,6,5,1917,1950,735,N,1134,924,2058,1,8,1,2,396,4,2008,129500
2380,70,67,8777,Reg,Bnk,Edwards,1Fam,4,6,1910,2000,676,Y,760,676,1436,2,6,0,2,528,10,2006,98000
589,60,60,15384,IR1,Lvl,Gilbert,1Fam,7,5,2004,2005,788,Y,788,702,1490,2,8,1,2,388,2,2008,184000
353,20,98,12704,Reg,Lvl,NridgHt,1Fam,8,5,2007,2007,1582,Y,1582,0,1582,2,7,0,3,905,1,2008,317500
594,60,58,10852,IR1,Lvl,Gilbert,1Fam,6,5,2000,2000,959,Y,959,712,1671,2,7,1,2,472,2,2006,173000
1546,50,81,7308,Reg,Lvl,OldTown,1Fam,5,5,1920,1950,936,N,960,780,1740,1,6,1,1,225,6,2008,122250
198,60,90,11700,Reg,Lvl,NWAmes,1Fam,6,6,1968,1968,702,Y,1041,702,1743,1,7,1,2,539,6,2007,175000
2042,50,60,11100,Reg,Lvl,Edwards,1Fam,5,6,1951,1994,1080,N,1080,400,1480,1,7,1,1,253,7,2007,136500
1530,70,60,9600,Reg,Lvl,OldTown,1Fam,7,7,1925,1990,728,Y,832,809,1641,1,6,1,2,546,8,2006,178000
2815,20,85,15300,Reg,Bnk,Mitchel,1Fam,5,5,1965,1977,1068,Y,1264,0,1264,1,7,1,2,528,6,2010,169000
1195,20,80,9600,Reg,Lvl,NAmes,1Fam,5,6,1955,1955,1078,Y,1150,0,1150,1,6,0,1,288,10,2007,144000
1713,50,60,6000,Reg,Lvl,BrkSide,1Fam,5,5,1924,1950,468,Y,822,320,1142,1,6,0,1,320,6,2009,93000
1466,90,60,8544,Reg,Lvl,NAmes,Duplex,3,4,1950,1950,0,N,1040,0,1040,2,6,0,2,400,12,2006,81400
1933,80,88,15400,Reg,Lvl,Sawyer,1Fam,5,5,1961,1961,552,Y,904,611,1774,2,8,1,1,384,7,2009,165000
2166,20,95,13015,Reg,Lvl,CollgCr,1Fam,5,6,1996,1996,1100,Y,1100,0,1100,1,5,0,2,462,6,2006,145000
944,160,24,2280,Reg,Lvl,Somerst,Twnhs,6,5,1999,1999,744,Y,757,792,1549,2,6,0,2,440,4,2008,172900
175,20,80,10928,Reg,Lvl,NWAmes,1Fam,6,6,1978,1986,1427,Y,1671,0,1671,2,7,1,2,484,8,2009,200000
385,20,94,12883,IR1,Lvl,NridgHt,1Fam,8,5,2009,2010,1544,Y,1544,0,1544,2,7,0,3,868,6,2010,290941
2173,60,65,15426,IR1,Lvl,CollgCr,1Fam,6,5,1997,1997,928,Y,928,836,1764,2,7,0,2,470,8,2009,231500
1305,20,74,8532,Reg,Lvl,NAmes,1Fam,5,6,1954,1990,1297,Y,1297,0,1297,1,5,1,2,498,10,2009,153000
2723,85,72,9360,Reg,Bnk,Mitchel,1Fam,6,7,1977,1977,957,Y,1287,0,1287,1,5,2,2,541,11,2009,173000
2085,90,64,7018,Reg,Lvl,SawyerW,Duplex,5,5,1979,1979,0,Y,1120,1120,2240,2,12,0,2,528,6,2009,142953
11,20,85,10667,Reg,Lvl,NAmes,1Fam,6,6,1971,1971,1587,Y,1587,0,1587,2,7,1,2,525,3,2007,167300
2459,50,52,8741,Reg,Lvl,Edwards,1Fam,6,4,1945,1950,735,Y,798,689,1487,1,7,1,1,220,4,2010,113000
2397,20,67,8308,Reg,Lvl,Edwards,1Fam,4,6,1963,1963,1088,Y,1088,0,1088,1,4,0,2,520,6,2007,110000
377,20,59,17169,IR2,Lvl,NridgHt,1Fam,10,5,2007,2007,2320,Y,2290,0,2290,2,7,1,3,1174,8,2007,500067
391,60,76,9591,Reg,Lvl,NridgHt,1Fam,8,5,2004,2005,1143,Y,1143,1330,2473,2,9,1,3,852,10,2007,317000
1315,20,79,10634,Reg,Lvl,NAmes,1Fam,5,6,1953,1953,608,Y,1319,0,1319,1,5,0,1,270,11,2009,123000
1346,20,75,9532,Reg,Lvl,NAmes,1Fam,4,6,1953,1953,1105,Y,1647,0,1647,1,6,1,1,280,2,2007,153000
343,20,108,13173,IR1,Lvl,NridgHt,1Fam,9,5,2006,2007,1652,Y,1652,0,1652,2,6,2,2,840,11,2009,325000
383,20,87,10367,IR1,Lvl,NridgHt,1Fam,9,5,2008,2008,1739,Y,1743,0,1743,2,8,1,3,927,6,2009,335000
1504,20,70,7000,Reg,Lvl,NAmes,1Fam,5,6,1962,1962,864,Y,864,0,864,1,5,0,1,336,2,2006,105000
1575,190,50,6000,Reg,Lvl,OldTown,2fmCon,5,4,1954,1954,811,Y,811,576,1387,2,7,0,1,256,11,2009,93000
2213,20,72,10665,IR1,Lvl,CollgCr,1Fam,7,5,2003,2003,1453,Y,1479,0,1479,2,7,0,2,558,6,2007,226000
458,120,65,8769,Reg,Lvl,NridgHt,TwnhsE,9,5,2008,2008,1702,Y,1702,0,1702,1,7,1,3,1052,10,2008,367294
2853,20,58,10172,IR1,Lvl,Mitchel,1Fam,5,7,1968,2003,864,Y,874,0,874,1,5,0,1,288,10,2006,126500
747,60,65,8125,Reg,Lvl,Somerst,1Fam,6,5,2005,2005,858,Y,858,858,1716,2,7,0,2,615,2,2006,200825
1150,85,80,8800,Reg,Lvl,NAmes,1Fam,6,7,1963,1963,936,Y,1054,0,1054,1,6,0,2,480,5,2010,137500
655,60,88,11762,Reg,Lvl,NoRidge,1Fam,8,5,1992,1993,1105,Y,1105,1097,2202,2,9,1,2,517,9,2007,263000
973,160,36,3951,IR1,Lvl,Somerst,TwnhsE,10,5,1998,1999,970,Y,1469,924,2393,2,7,1,2,846,2,2008,345000
1434,90,60,8544,Reg,Lvl,NAmes,Duplex,3,4,1950,1950,0,N,1040,0,1040,2,6,0,2,400,6,2009,92900
344,20,105,15431,Reg,Lvl,NridgHt,1Fam,10,5,2005,2006,1994,Y,2046,0,2046,2,7,2,3,878,8,2007,450000
387,60,80,10240,Reg,Lvl,NridgHt,1Fam,8,5,2005,2005,1030,Y,1038,1060,2098,2,8,1,3,878,3,2006,275500
1724,45,51,6120,Reg,Lvl,BrkSide,1Fam,5,7,1939,1950,884,Y,884,0,884,1,5,0,1,240,7,2007,113000
742,60,85,10574,Reg,Lvl,Somerst,1Fam,8,5,2005,2006,1082,Y,1082,871,1953,2,9,1,3,1043,5,2009,252000
40,60,134,19378,IR1,HLS,Gilbert,1Fam,7,5,2005,2006,1392,Y,1392,1070,2462,2,9,1,2,576,3,2006,320000
1554,50,60,5790,Reg,Lvl,OldTown,1Fam,3,6,1915,1950,840,N,840,765,1605,2,8,0,1,379,5,2010,107400
1644,190,60,7200,Reg,Lvl,OldTown,2fmCon,6,6,1910,1998,1214,N,1260,1031,2291,2,9,1,2,506,11,2007,133900
1763,50,64,13053,Reg,Bnk,BrkSide,1Fam,6,7,1923,2000,833,Y,1053,795,1848,1,8,1,2,370,6,2008,207000
2162,20,80,12000,Reg,Lvl,ClearCr,1Fam,6,5,1968,1968,1388,Y,1388,0,1388,2,6,1,2,522,7,2006,158900
2092,60,77,9965,Reg,Lvl,CollgCr,1Fam,8,5,2006,2007,1466,Y,1466,1362,2828,3,11,1,3,1052,4,2007,424870
24,60,88,10179,IR1,Lvl,Gilbert,1Fam,6,5,1997,1997,945,Y,945,663,1608,2,7,1,2,470,7,2009,189500
2779,20,50,8049,IR1,Lvl,Timber,1Fam,7,5,1990,1990,1309,Y,1339,0,1339,2,6,1,2,484,7,2006,180000
1608,75,53,5350,Reg,Lvl,OldTown,1Fam,7,8,1920,1965,624,Y,730,720,1450,1,7,0,1,288,3,2008,132000
1589,45,50,6900,Reg,Lvl,OldTown,1Fam,6,7,1938,2000,827,Y,827,424,1251,1,6,0,1,240,1,2010,119000
1545,90,60,7596,Reg,Lvl,OldTown,Duplex,5,5,1952,1952,960,Y,960,1000,1960,2,10,0,2,400,7,2009,124500
112,60,60,18062,IR1,HLS,StoneBr,1Fam,10,5,2006,2006,1528,Y,1528,1862,3390,3,10,1,3,758,9,2006,545224
179,20,80,10400,Reg,Lvl,NWAmes,1Fam,6,5,1979,1999,1259,Y,1353,0,1353,2,5,1,2,478,8,2007,192350
1571,50,50,6000,Reg,Lvl,OldTown,1Fam,3,7,1948,2002,649,Y,679,504,1183,1,6,0,1,308,6,2007,120000
2507,50,60,8400,Reg,Bnk,SWISU,1Fam,6,5,1940,2000,940,Y,1192,403,1595,1,6,2,1,240,6,2006,140000
270,160,21,2058,Reg,Lvl,BrDale,Twnhs,6,5,1973,1973,672,Y,672,546,1218,1,7,0,1,264,12,2007,113700
520,120,51,3635,Reg,Lvl,Blmngtn,TwnhsE,7,5,2007,2007,1386,Y,1569,0,1569,2,7,1,3,660,5,2009,175900
1943,20,81,14175,Reg,Bnk,Sawyer,1Fam,5,5,1956,1998,1240,Y,1375,0,1375,1,6,1,1,323,12,2007,187000
2809,20,85,12633,IR1,HLS,Timber,1Fam,9,5,2007,2007,1978,Y,1978,0,1978,2,7,1,3,920,5,2009,425000
2611,50,78,15600,Reg,Bnk,Crawfor,1Fam,5,7,1949,2005,1067,N,986,537,1523,2,7,1,1,295,10,2009,158000
2017,30,50,9340,Reg,Lvl,Edwards,1Fam,4,6,1941,1950,672,Y,672,0,672,1,4,0,1,234,8,2009,113000
2025,20,44,17485,IR2,Lvl,Edwards,1Fam,7,5,2009,2010,1508,Y,1508,0,1508,1,5,2,2,572,1,2010,308030
741,60,84,10207,Reg,Lvl,Somerst,1Fam,7,6,2007,2007,874,Y,874,887,1761,3,7,0,2,578,8,2007,227875
801,60,70,8462,IR1,Lvl,SawyerW,1Fam,6,5,1994,1994,928,Y,936,785,1721,2,7,0,2,471,7,2007,201000
195,20,104,11361,Reg,Lvl,NWAmes,1Fam,6,5,1976,1976,1193,Y,1523,0,1523,2,7,1,2,478,5,2008,180000
718,20,72,8640,Reg,Lvl,Somerst,1Fam,8,5,2009,2009,1300,Y,1314,0,1314,2,6,0,2,552,9,2009,229456
1437,50,60,8064,Reg,Lvl,NAmes,1Fam,6,5,1950,1950,795,N,765,368,1133,1,5,0,2,900,12,2009,128500
2395,20,134,17755,Reg,Lvl,Edwards,1Fam,5,4,1959,1959,1466,Y,1466,0,1466,1,6,2,2,528,11,2006,149900
1935,20,88,13125,Reg,Lvl,Sawyer,1Fam,5,4,1957,2000,1134,Y,1803,0,1803,2,8,1,2,484,1,2006,155000
1351,190,94,22136,Reg,Lvl,OldTown,2fmCon,5,5,1925,1975,2171,Y,1392,1248,2640,2,10,1,3,1008,7,2006,180000
759,20,62,7500,Reg,Lvl,Somerst,1Fam,7,5,2004,2005,1221,Y,1221,0,1221,2,6,0,2,400,10,2009,185000
2128,20,64,7360,Reg,Lvl,CollgCr,1Fam,7,5,2010,2010,1222,Y,1222,0,1222,2,6,0,2,615,3,2010,187000
272,160,21,1680,Reg,Lvl,BrDale,Twnhs,6,5,1973,1973,483,Y,483,504,987,1,5,0,1,264,7,2009,111000
2752,20,115,16905,Reg,Lvl,Timber,1Fam,5,6,1959,1959,1350,Y,1328,0,1328,1,5,2,1,308,7,2007,170000
2850,120,31,2394,Reg,Low,MeadowV,Twnhs,5,6,1973,1973,945,Y,945,0,945,1,5,1,1,253,5,2010,119500
1671,20,52,8516,Reg,Lvl,OldTown,1Fam,4,6,1958,2006,869,Y,1093,0,1093,1,5,0,1,308,5,2008,115500
2595,70,70,10570,Reg,Bnk,Crawfor,1Fam,8,8,1932,1994,853,Y,1549,1178,2727,2,10,2,2,440,12,2007,315000
355,60,97,13478,IR1,Lvl,NridgHt,1Fam,10,5,2008,2008,1722,Y,1728,568,2296,2,10,1,3,842,6,2009,451950
727,20,112,12606,IR1,Lvl,Somerst,1Fam,9,5,2007,2008,1530,Y,1530,0,1530,2,7,1,3,984,5,2009,250000
585,60,93,10261,IR1,Lvl,Gilbert,1Fam,6,5,2000,2000,936,Y,962,830,1792,2,8,1,2,451,5,2008,186500
428,60,74,10927,Reg,Lvl,NridgHt,1Fam,8,5,2005,2005,1058,Y,1058,846,1904,2,8,1,2,736,6,2006,275000
2928,60,74,9627,Reg,Lvl,Mitchel,1Fam,7,5,1993,1994,996,Y,996,1004,2000,2,9,1,3,650,11,2006,188000
2518,50,60,9900,Reg,Lvl,SWISU,1Fam,6,7,1940,1950,778,Y,944,545,1489,2,7,1,1,240,7,2009,139500
99,120,30,3701,IR1,Lvl,StoneBr,TwnhsE,8,5,1987,1987,1191,Y,1204,0,1204,2,5,0,2,461,8,2006,130000
1325,20,71,8540,Reg,Lvl,NAmes,1Fam,5,8,1956,2003,925,Y,925,0,925,1,5,0,1,252,6,2007,127000
2550,70,53,7155,Reg,Lvl,Crawfor,1Fam,7,8,1918,1990,600,Y,628,600,1228,1,6,1,1,215,5,2009,137000
213,20,78,10140,Reg,Lvl,NWAmes,1Fam,6,6,1974,1974,1116,Y,1116,0,1116,2,6,1,2,528,4,2009,167900
2302,60,96,11690,IR1,Lvl,CollgCr,1Fam,8,5,1999,2000,850,Y,886,878,1764,2,7,1,2,560,6,2008,207000
2670,30,60,7392,Reg,Lvl,IDOTRR,1Fam,5,7,1930,1995,520,Y,912,0,912,1,5,0,1,360,5,2008,99500
1041,20,75,9000,Reg,Lvl,NWAmes,1Fam,6,5,1969,1969,1216,Y,1216,0,1216,1,5,0,1,336,8,2009,113000
1284,20,70,8750,Reg,Lvl,NAmes,1Fam,5,5,1955,1955,1382,Y,1382,0,1382,1,6,0,1,350,7,2009,153000
1959,20,91,11375,Reg,Lvl,Sawyer,1Fam,6,5,1954,1995,967,Y,1299,0,1299,1,6,1,2,494,10,2007,150000
2916,60,62,10429,Reg,Lvl,Mitchel,1Fam,5,5,1992,1992,624,Y,624,663,1287,1,6,0,2,440,7,2009,130000
823,160,75,10762,Reg,Lvl,SawyerW,TwnhsE,6,6,1980,1980,626,Y,626,591,1217,1,6,1,1,288,4,2009,120000
740,60,85,10625,Reg,Lvl,Somerst,1Fam,7,5,2005,2005,1026,Y,1026,932,1958,2,9,1,3,936,7,2008,250000
537,120,43,3010,Reg,Lvl,Blmngtn,TwnhsE,7,5,2005,2006,1248,Y,1248,0,1248,2,5,0,2,438,3,2006,167240
1244,20,71,9204,Reg,Lvl,NAmes,1Fam,5,5,1963,1963,1144,Y,1144,0,1144,1,6,0,1,336,8,2008,124000
2926,20,77,10010,Reg,Lvl,Mitchel,1Fam,5,5,1974,1975,1389,Y,1389,0,1389,1,6,1,2,418,4,2006,170000
962,160,24,2572,Reg,Lvl,Somerst,Twnhs,7,5,1999,1999,696,Y,696,720,1416,2,6,0,2,484,5,2010,155000
276,160,21,1869,Reg,Lvl,BrDale,Twnhs,6,6,1970,1970,483,Y,483,504,987,1,5,0,1,280,9,2008,106000
451,60,130,16900,Reg,Lvl,NridgHt,1Fam,8,5,2001,2002,1479,Y,1515,1134,2649,2,10,1,3,746,1,2008,421250
606,60,77,8390,IR1,Lvl,Gilbert,1Fam,7,5,1999,1999,831,Y,873,778,1651,2,7,1,2,450,5,2008,185900
2746,120,46,4054,IR1,Lvl,Timber,TwnhsE,7,6,1987,1987,1501,Y,1501,0,1501,2,5,2,2,512,10,2007,244000
405,20,90,12378,IR1,Lvl,NridgHt,1Fam,9,5,2003,2004,1896,Y,1944,0,1944,2,8,3,3,708,11,2006,360000
1380,30,60,10800,Reg,Lvl,OldTown,1Fam,5,6,1920,1950,1120,Y,1130,0,1130,1,5,1,2,720,6,2006,120000
1216,90,65,8944,Reg,Lvl,NAmes,Duplex,5,5,1967,1967,1584,Y,1584,0,1584,2,8,0,3,792,4,2009,124000
145,20,91,14145,Reg,Lvl,NWAmes,1Fam,7,7,1984,1998,1208,Y,1621,0,1621,2,8,0,2,440,5,2006,202500
2660,30,50,7030,Reg,Lvl,IDOTRR,1Fam,4,6,1925,1950,641,Y,641,0,641,1,4,0,1,272,3,2006,85000
1560,190,60,10800,Reg,Lvl,OldTown,2fmCon,6,6,1940,1950,884,Y,884,552,1436,2,8,2,2,828,5,2008,155000
1289,20,80,10400,Reg,Lvl,NAmes,1Fam,4,5,1956,1956,1200,Y,1200,0,1200,1,6,2,1,294,11,2009,144000
2839,120,44,4224,Reg,Lvl,MeadowV,TwnhsE,5,5,1976,1976,1142,Y,1142,0,1142,1,6,1,2,528,8,2007,134000
2369,60,85,11069,Reg,Lvl,CollgCr,1Fam,6,5,2007,2007,608,Y,608,788,1396,2,6,1,2,440,7,2009,170000
1032,20,108,11358,IR1,Lvl,NWAmes,1Fam,7,7,1972,1987,1124,Y,1610,0,1610,2,8,1,2,515,5,2007,185000
1732,50,51,6120,Reg,Lvl,BrkSide,1Fam,3,5,1930,1950,728,Y,728,434,1162,1,6,0,1,258,11,2006,75000
1313,20,75,11310,Reg,Lvl,NAmes,1Fam,6,5,1954,1954,1367,Y,1375,0,1375,1,5,1,2,451,6,2006,140000
1582,20,62,7311,Reg,Lvl,OldTown,1Fam,2,5,1946,1950,407,N,407,0,407,1,3,0,1,297,3,2008,46500
995,120,30,4420,IR1,Lvl,Greens,TwnhsE,8,5,1980,1980,728,Y,788,0,788,1,3,1,2,484,6,2010,155000
1229,20,70,10150,Reg,Lvl,NAmes,1Fam,5,5,1958,1958,912,Y,912,0,912,1,5,0,1,275,7,2007,114500
717,20,72,8640,Reg,Lvl,Somerst,1Fam,8,5,2007,2008,1363,Y,1372,0,1372,2,6,0,2,588,7,2008,212700
339,20,105,15431,Reg,Lvl,NridgHt,1Fam,10,5,2008,2008,3094,Y,2402,0,2402,2,10,2,3,672,4,2009,555000
1997,20,84,12615,Reg,Lvl,Edwards,1Fam,6,7,1950,2001,1202,Y,2158,0,2158,2,7,1,2,576,6,2007,243000
2260,20,60,7200,Reg,Low,CollgCr,1Fam,5,8,1972,1972,864,Y,864,0,864,1,5,0,1,297,3,2006,119900
2072,20,80,9938,Reg,Lvl,SawyerW,1Fam,7,5,1994,1994,1602,Y,1626,0,1626,2,7,1,2,534,4,2008,226500
1846,80,92,6930,IR1,Lvl,ClearCr,1Fam,5,4,1958,1958,1062,Y,1352,0,1352,1,6,0,1,288,7,2006,130000
1905,20,66,7742,Reg,Lvl,Sawyer,1Fam,5,7,1966,1966,955,Y,955,0,955,1,6,0,1,386,1,2007,127000
2453,20,80,8546,Reg,Lvl,Edwards,1Fam,4,5,2003,2004,1121,Y,1121,0,1121,2,5,0,2,440,3,2010,140000
545,80,65,16219,IR2,Lvl,Gilbert,1Fam,7,5,2004,2005,835,Y,1119,0,1119,2,5,0,2,437,4,2007,188500
1590,50,69,11851,Reg,Lvl,OldTown,1Fam,5,7,1948,2009,1027,Y,1027,606,1633,1,7,1,1,240,6,2010,129000
554,60,59,11796,IR1,Lvl,Gilbert,1Fam,7,5,2004,2005,847,Y,847,1112,1959,2,8,1,2,434,7,2007,215000
1132,20,115,10500,IR1,Lvl,NAmes,1Fam,5,5,1964,1964,1292,Y,1292,0,1292,1,6,2,2,520,7,2009,145100
1107,20,70,7535,IR1,Lvl,NAmes,1Fam,5,7,1958,1985,912,Y,912,0,912,1,5,0,1,297,6,2007,120000
1480,20,60,7200,Reg,Lvl,NAmes,1Fam,5,7,1954,1954,825,Y,825,0,825,1,4,0,1,350,7,2008,109500
757,60,102,11143,IR1,Lvl,Somerst,1Fam,8,5,2004,2005,1580,Y,1580,886,2466,3,8,1,2,610,12,2007,340000
2416,20,80,10682,Reg,Lvl,Edwards,1Fam,4,6,1960,1971,1014,Y,1149,0,1149,1,7,0,1,544,7,2009,127000
2591,190,79,6221,IR1,Lvl,Crawfor,2fmCon,5,5,1941,1950,728,Y,760,595,1355,2,5,0,2,528,10,2007,140000
2032,50,50,8405,Reg,Lvl,Edwards,1Fam,5,8,1900,1950,861,Y,961,406,1367,1,7,0,1,384,4,2008,119000
1542,50,63,11426,Reg,Lvl,OldTown,1Fam,7,5,2003,2003,1362,Y,1362,720,2082,2,6,0,2,484,6,2008,200000
214,20,85,11050,IR1,Lvl,NWAmes,1Fam,7,5,1975,1975,1176,Y,1193,0,1193,2,5,1,2,506,8,2009,158000
1167,45,85,12172,Reg,Lvl,NAmes,1Fam,5,7,1940,1996,822,Y,908,0,908,1,4,0,2,512,10,2007,138500
418,20,72,11846,IR1,HLS,NridgHt,1Fam,9,5,2003,2004,1792,Y,1792,0,1792,2,6,1,3,874,8,2006,374000
2473,20,68,9450,Reg,Bnk,Edwards,1Fam,4,5,1954,1954,894,Y,894,0,894,1,5,0,2,400,5,2007,110000
2004,75,60,19800,Reg,Lvl,Edwards,1Fam,6,8,1935,1990,1836,Y,1836,1836,3672,3,7,2,2,836,12,2006,415000
1471,50,60,8064,Reg,Lvl,NAmes,1Fam,6,6,1948,1950,768,Y,819,501,1320,2,5,0,2,576,9,2008,138000
2328,120,37,4435,Reg,Lvl,CollgCr,TwnhsE,6,5,2003,2003,848,Y,848,0,848,1,4,0,2,420,4,2006,133000
1239,60,90,14670,Reg,Lvl,NAmes,1Fam,6,7,1966,1999,1104,Y,1104,884,1988,2,9,1,2,480,8,2008,227000
1578,50,50,6000,Reg,Lvl,OldTown,1Fam,5,7,1924,1950,816,Y,816,750,1566,1,7,0,2,450,8,2006,139000
447,20,110,14300,Reg,HLS,NridgHt,1Fam,9,5,2003,2004,2846,Y,2696,0,2696,2,10,2,3,958,6,2010,500000
78,60,59,7837,IR1,Lvl,Gilbert,1Fam,6,7,1993,1994,799,Y,799,772,1571,2,7,1,2,380,5,2009,178000
395,20,79,14122,IR1,Lvl,NridgHt,1Fam,8,5,2005,2006,1822,Y,1822,0,1822,2,8,1,3,678,2,2010,259000
975,60,114,8314,IR1,Lvl,Somerst,1Fam,7,5,1997,1998,569,Y,854,840,1694,2,6,1,1,434,11,2006,200000
173,20,79,11850,Reg,Lvl,NWAmes,1Fam,6,6,1984,1984,1153,Y,1177,0,1177,2,6,0,2,495,8,2007,151500
2014,50,70,10512,Reg,Lvl,Edwards,1Fam,6,6,1954,1954,988,Y,988,638,1626,1,6,0,1,332,5,2007,154000
189,60,85,11475,Reg,Lvl,NWAmes,1Fam,6,6,1975,1975,713,Y,811,741,1552,2,6,1,2,434,2,2006,179900
913,120,34,3628,Reg,Lvl,Somerst,TwnhsE,7,5,2004,2004,1143,Y,1143,0,1143,1,5,1,2,588,5,2006,176400
608,60,82,9452,Reg,Lvl,NoRidge,1Fam,8,5,1997,1998,1396,Y,1407,985,2392,2,7,1,3,870,6,2006,348000
1509,70,62,9856,Reg,Lvl,OldTown,1Fam,5,8,1900,2005,716,Y,1007,1007,2014,2,8,0,2,624,6,2006,169000
2563,90,82,7136,IR1,HLS,Crawfor,Duplex,6,6,1946,1950,979,N,979,979,1958,2,8,0,2,492,8,2007,145000
1369,60,60,10800,Reg,Lvl,OldTown,1Fam,5,7,1939,2006,676,Y,676,676,1352,2,7,0,2,720,8,2009,149000
595,60,58,9487,IR1,Lvl,Gilbert,1Fam,6,5,2000,2000,915,Y,940,750,1690,2,7,1,2,442,6,2007,187000
1660,70,60,10800,Reg,Lvl,OldTown,1Fam,7,7,1890,1999,1313,Y,1313,1182,2495,2,10,1,2,342,12,2008,184000
1619,190,60,9600,Reg,Lvl,OldTown,2fmCon,5,5,1920,1960,973,Y,1377,973,2350,2,10,0,2,393,4,2008,130000
2195,20,78,10264,IR1,Lvl,CollgCr,1Fam,7,5,1999,1999,1588,Y,1588,0,1588,2,6,0,2,472,8,2006,214000
1780,50,60,8520,Reg,Lvl,OldTown,1Fam,6,7,1916,1950,714,N,1664,862,2526,2,10,1,1,216,8,2007,136000
2583,30,80,13360,IR1,HLS,Crawfor,1Fam,5,7,1921,2006,876,Y,964,0,964,1,5,0,2,432,8,2009,163500
1343,50,80,8480,Reg,Lvl,NAmes,1Fam,5,5,1947,1950,832,Y,832,384,1216,1,6,0,1,336,10,2008,118500
426,60,56,20431,IR2,Lvl,NridgHt,1Fam,9,5,2005,2006,1848,Y,1848,880,2728,2,10,2,3,706,4,2006,437154
2885,20,61,33983,IR1,Lvl,Mitchel,1Fam,5,6,1977,1994,1160,Y,1676,0,1676,1,6,2,2,672,5,2007,196000
2859,160,21,1504,Reg,Lvl,MeadowV,Twnhs,4,4,1972,1972,546,Y,546,546,1092,1,5,0,1,253,5,2007,85500
359,20,110,14226,Reg,Lvl,NridgHt,1Fam,8,5,2006,2006,1935,Y,1973,0,1973,2,9,1,3,895,7,2007,395000
2455,50,56,6956,Reg,Lvl,Edwards,1Fam,4,7,1948,1950,624,Y,624,312,936,1,5,0,1,265,4,2006,97900
2393,20,67,8877,Reg,Lvl,Edwards,1Fam,4,6,1938,1958,816,Y,816,0,816,1,3,1,1,288,5,2009,100000
1761,30,50,11672,IR2,Lvl,BrkSide,1Fam,5,5,1925,1950,816,Y,816,0,816,1,4,0,1,210,7,2006,109000
780,60,68,10110,Reg,Lvl,SawyerW,1Fam,6,5,2003,2003,835,Y,835,861,1696,2,7,0,2,542,7,2008,188000
74,60,60,7500,Reg,Lvl,Gilbert,1Fam,6,5,1999,2003,938,Y,957,1342,2299,3,7,1,2,482,8,2007,204000
1436,50,60,8064,Reg,Lvl,NAmes,1Fam,5,7,1949,2006,672,Y,672,252,924,1,6,1,2,576,7,2007,122900
2398,85,64,12102,Reg,Lvl,Edwards,1Fam,5,5,1976,1976,456,Y,1033,0,1033,1,6,0,2,504,4,2008,165000
871,20,60,6360,Reg,Lvl,Sawyer,1Fam,5,5,1963,1963,864,Y,864,0,864,1,5,0,1,276,1,2008,119916
1584,30,50,6000,Reg,Lvl,OldTown,1Fam,4,4,1920,1950,960,Y,960,0,960,1,5,0,1,308,7,2007,108500
1225,80,101,9150,IR1,Lvl,NAmes,1Fam,6,5,1962,1962,1099,Y,1431,0,1431,1,6,1,1,296,12,2008,165000
2064,60,86,11839,Reg,Lvl,SawyerW,1Fam,7,5,1990,1990,1475,Y,1532,797,2329,2,10,1,2,514,5,2008,262280
51,120,41,5330,Reg,Lvl,StoneBr,TwnhsE,8,5,2000,2000,1494,Y,1652,0,1652,2,6,0,2,499,8,2007,251000
623,60,106,12720,Reg,Lvl,NoRidge,1Fam,8,5,2000,2000,1455,Y,1466,1221,2687,2,10,2,3,810,9,2009,327000
2626,160,24,1612,Reg,Lvl,Blueste,Twnhs,6,6,1980,1980,561,Y,561,668,1229,1,5,1,2,462,7,2009,121000
1468,90,60,8544,Reg,Lvl,NAmes,Duplex,3,4,1950,1950,0,N,1040,0,1040,2,6,0,2,400,7,2006,93500
2762,20,64,9037,IR1,HLS,Timber,1Fam,8,5,2006,2006,1476,Y,1484,0,1484,2,6,1,2,472,12,2007,265900
2799,20,85,14331,Reg,Lvl,Timber,1Fam,8,5,2002,2002,1800,Y,1800,0,1800,2,7,1,3,765,5,2006,312500
555,20,59,10936,IR1,Lvl,Gilbert,1Fam,7,5,2006,2006,1510,Y,1525,0,1525,2,6,1,2,534,4,2007,206580
2299,60,70,8726,Reg,Lvl,CollgCr,1Fam,7,5,2002,2002,872,Y,872,1037,1909,2,8,0,2,529,9,2006,197000
1518,90,57,10307,Reg,Lvl,OldTown,Duplex,6,5,1910,1950,972,N,972,972,1944,2,12,0,2,324,6,2009,103500
2627,160,24,1950,Reg,Lvl,Blueste,Twnhs,6,6,1980,1980,716,Y,716,840,1556,2,6,1,2,452,7,2008,151000
291,160,21,1680,Reg,Lvl,BrDale,Twnhs,5,5,1972,1972,630,Y,630,672,1302,2,6,0,1,264,12,2008,111750
559,60,62,8244,IR1,Lvl,Gilbert,1Fam,7,5,2004,2004,840,Y,840,880,1720,2,7,1,2,440,5,2007,183500
894,20,39,15410,IR1,Lvl,Sawyer,1Fam,6,6,1974,2002,1208,Y,1494,0,1494,2,7,2,2,461,4,2010,169000
2384,30,67,8777,Reg,Lvl,Edwards,1Fam,3,6,1945,2007,0,N,640,0,640,1,5,0,1,240,4,2010,84900
1707,50,50,6000,Reg,Lvl,BrkSide,1Fam,6,7,1929,1950,862,Y,950,208,1158,1,5,1,1,208,7,2008,120000
165,20,90,13068,Reg,Lvl,NWAmes,1Fam,6,5,1976,1976,1211,Y,1211,0,1211,2,6,1,2,461,11,2008,161000
454,120,48,5911,Reg,Lvl,NridgHt,TwnhsE,9,5,2005,2005,1560,Y,1565,0,1565,2,6,1,2,556,3,2006,282500
471,20,61,7740,Reg,Lvl,NridgHt,TwnhsE,9,5,2006,2006,1686,Y,1686,0,1686,2,6,1,3,899,6,2006,332200
2771,20,73,8925,IR1,HLS,Timber,1Fam,8,5,2007,2007,1466,Y,1466,0,1466,2,7,0,3,610,7,2009,201000
869,20,65,8450,Reg,Lvl,Sawyer,1Fam,5,6,1968,1968,882,Y,909,0,909,1,5,0,1,294,11,2006,116000
2813,60,88,12665,IR1,Lvl,Timber,1Fam,8,5,2005,2006,1094,Y,1133,1349,2482,2,9,1,3,642,2,2007,281213
457,120,48,6472,Reg,Lvl,NridgHt,TwnhsE,9,5,2008,2008,1451,Y,1456,0,1456,2,6,1,2,539,4,2009,248500
935,160,24,2544,Reg,Lvl,Somerst,Twnhs,7,5,2005,2005,600,Y,520,623,1223,2,4,0,2,480,7,2006,149900
2890,20,50,6953,Reg,Lvl,Mitchel,1Fam,5,7,1971,2004,864,Y,874,0,874,1,5,0,1,352,6,2010,130000
2640,20,70,18044,IR1,HLS,Crawfor,1Fam,8,5,1986,1986,279,Y,2726,0,2726,2,6,1,2,691,8,2007,315000
439,120,41,6289,IR1,Lvl,NridgHt,TwnhsE,6,5,2005,2006,1362,Y,1362,0,1362,2,6,1,2,460,6,2007,207000
610,60,84,9660,IR1,Lvl,NoRidge,1Fam,8,5,1998,1998,1044,Y,1079,897,1976,2,7,1,3,885,2,2006,286000
2356,20,75,9750,Reg,Lvl,CollgCr,1Fam,7,5,2004,2004,1445,Y,1445,0,1445,2,6,0,2,470,6,2008,186500
2744,60,42,26178,IR1,Lvl,Timber,1Fam,7,5,1989,1990,1210,Y,1238,1281,2519,2,9,2,2,628,4,2006,335000
2439,160,24,2522,Reg,Lvl,Edwards,Twnhs,7,5,2004,2004,970,Y,970,739,1709,2,7,0,2,380,5,2006,134000
2504,50,55,4500,IR2,Bnk,SWISU,1Fam,5,5,1932,2000,793,Y,848,672,1520,1,6,0,1,281,7,2009,159434
108,160,44,5306,IR1,Lvl,StoneBr,TwnhsE,7,7,1987,1987,1064,Y,1064,703,1767,2,5,1,2,504,6,2006,239000
2503,50,70,6300,Reg,Lvl,SWISU,1Fam,5,4,1938,1950,832,Y,832,436,1268,1,7,2,1,250,7,2009,160000
299,20,65,7514,Reg,Lvl,NAmes,1Fam,5,7,1967,1975,943,Y,1387,0,1387,1,6,1,1,300,9,2006,145000
2596,70,61,7259,IR1,Lvl,Crawfor,1Fam,6,8,1945,2002,1028,Y,1436,884,2320,2,9,1,1,180,7,2007,259500
2541,70,60,7200,Reg,Lvl,SWISU,1Fam,7,9,1936,2007,560,Y,575,560,1135,1,6,0,2,576,4,2009,155000
1622,70,60,9600,Reg,Lvl,OldTown,1Fam,4,2,1900,1950,1095,N,1095,679,1774,2,8,0,3,779,5,2006,87000
1068,20,78,9360,Reg,Lvl,NAmes,1Fam,6,7,1968,2004,976,Y,976,0,976,1,4,1,2,504,8,2006,157500
1335,20,60,7200,Reg,Lvl,NAmes,1Fam,5,7,1955,2007,0,Y,827,0,827,1,5,1,1,392,4,2010,107500
1465,20,70,7931,Reg,Lvl,NAmes,1Fam,5,6,1960,1960,1269,Y,1269,0,1269,1,6,1,1,308,6,2008,155000
2470,20,74,10206,Reg,Lvl,Edwards,1Fam,3,3,1952,1952,0,N,944,0,944,1,4,0,2,528,7,2009,82000
2852,20,62,9858,Reg,Lvl,Mitchel,1Fam,5,6,1968,1968,864,Y,874,0,874,1,5,0,1,288,11,2009,130000
2015,20,70,10519,Reg,Lvl,Edwards,1Fam,5,8,1955,1999,1057,Y,1057,0,1057,1,6,0,1,288,3,2006,137000
2252,20,70,7700,Reg,Lvl,CollgCr,1Fam,5,5,1972,1972,882,Y,882,0,882,1,5,0,2,461,3,2007,112500
2232,20,38,15240,IR1,Lvl,CollgCr,1Fam,5,8,1977,2004,1026,Y,1026,0,1026,1,5,0,1,308,6,2010,150000
693,20,85,10130,Reg,Lvl,Somerst,1Fam,8,5,2007,2007,1702,Y,1702,0,1702,2,7,1,3,844,3,2009,275500
2631,80,85,19645,IR1,Lvl,Crawfor,1Fam,7,6,1994,2007,423,Y,896,756,1652,2,6,0,2,473,6,2010,203135
1771,70,60,11414,IR1,Lvl,BrkSide,1Fam,7,8,1910,1993,728,N,1136,883,2019,1,8,0,2,532,10,2009,167500
699,20,76,9158,Reg,Lvl,Somerst,1Fam,8,5,2007,2007,1496,Y,1496,0,1496,2,7,0,2,474,6,2007,225000
2478,50,60,8172,Reg,Lvl,Edwards,1Fam,4,6,1954,1972,941,Y,997,473,1470,2,7,0,1,548,5,2008,135000
2438,180,35,3675,Reg,Lvl,Edwards,TwnhsE,6,5,2005,2006,547,Y,1072,0,1072,1,5,0,2,525,10,2006,142500
1234,20,80,14695,IR1,Lvl,NAmes,1Fam,6,8,1966,2008,1562,Y,1567,0,1567,2,5,2,2,542,7,2009,256000
2410,85,64,7301,Reg,Lvl,Edwards,1Fam,7,5,2003,2003,0,Y,495,1427,1922,3,7,1,2,672,7,2009,198500
1165,20,57,8280,IR1,Lvl,NAmes,1Fam,6,5,1950,1950,932,Y,932,0,932,1,4,1,1,306,11,2007,124000
2234,20,75,10650,Reg,Lvl,CollgCr,1Fam,5,6,1976,1976,894,Y,894,0,894,1,5,0,1,308,2,2010,128200
366,20,95,11578,Reg,Lvl,NridgHt,1Fam,9,5,2008,2008,1736,Y,1736,0,1736,2,7,1,3,834,7,2009,360000
2058,50,79,12327,IR1,Low,SawyerW,1Fam,8,8,1983,2009,1496,Y,1496,636,2132,1,5,1,2,612,9,2009,316600
2403,20,73,10921,Reg,HLS,Edwards,1Fam,4,5,1965,1965,960,Y,960,0,960,1,6,0,1,432,5,2007,94750
2589,50,81,8170,IR1,Lvl,Crawfor,1Fam,7,7,1929,1950,1022,Y,1122,549,1671,2,7,1,2,451,2,2006,218000
113,60,63,12292,IR1,HLS,StoneBr,1Fam,9,5,2006,2006,1094,Y,1102,1371,2473,2,11,1,3,675,7,2006,356383
1861,50,65,6001,IR1,Bnk,SWISU,1Fam,6,5,1940,1950,600,N,600,319,919,1,5,0,1,231,3,2010,95000
251,20,70,8120,Reg,Lvl,NAmes,1Fam,4,7,1970,1970,864,Y,864,0,864,1,5,0,2,463,7,2009,124500
2126,20,73,8760,Reg,Lvl,CollgCr,1Fam,8,5,2006,2006,1489,Y,1500,0,1500,2,7,1,2,674,6,2007,212999
337,60,67,14948,IR1,Lvl,NridgHt,1Fam,9,5,2008,2008,1452,Y,1476,1237,2713,2,11,1,3,858,11,2008,446261
2669,50,64,11067,Reg,Lvl,IDOTRR,1Fam,2,4,1939,1950,0,Y,640,0,845,1,4,0,1,256,3,2007,68104
2146,20,91,11778,Reg,Lvl,CollgCr,1Fam,9,5,2008,2008,1751,Y,1766,0,1766,2,8,2,3,874,12,2008,395039
1080,90,74,13101,IR1,Lvl,NAmes,Duplex,5,5,1965,1965,1728,Y,1728,0,1728,2,10,0,2,576,11,2008,142600
461,120,40,6792,IR1,Lvl,NridgHt,TwnhsE,7,5,2005,2006,1368,Y,1368,0,1368,2,6,1,2,474,3,2006,202665
639,20,59,10593,IR1,Lvl,NoRidge,1Fam,7,5,1996,1996,1720,Y,1720,0,1720,2,7,1,2,527,3,2010,260400
1211,60,79,9462,Reg,Lvl,NAmes,1Fam,5,6,1949,1973,704,Y,1024,704,1728,1,7,1,1,234,7,2006,137000
1994,50,50,5190,Reg,Lvl,Edwards,1Fam,7,5,1948,1950,570,Y,617,462,1079,1,5,1,1,249,1,2008,125600
2245,20,69,9920,IR1,Lvl,CollgCr,1Fam,5,6,1969,1969,971,Y,971,0,971,1,5,1,1,300,5,2006,128500
1208,50,79,9490,Reg,Lvl,NAmes,1Fam,6,7,1941,1950,806,Y,958,620,1578,1,5,2,1,240,8,2006,133000
2198,20,68,9017,IR1,Lvl,CollgCr,1Fam,7,5,1999,1999,1431,Y,1431,0,1431,2,6,0,2,666,9,2009,192000
254,20,70,10500,Reg,Lvl,NAmes,1Fam,4,6,1971,1971,864,Y,864,0,864,1,4,0,2,576,3,2009,97000
1277,20,90,13200,IR1,Lvl,NAmes,1Fam,6,6,1958,1958,1395,Y,1570,0,1570,1,5,1,2,441,5,2008,166800
2079,70,120,26400,Reg,Bnk,SawyerW,1Fam,5,7,1880,2007,0,Y,1288,728,2016,1,7,1,2,576,6,2009,131000
446,120,34,5001,IR1,Lvl,NridgHt,Twnhs,7,5,2007,2008,1314,Y,1314,0,1314,2,6,1,2,626,7,2009,230000
52,120,28,7296,IR1,Lvl,StoneBr,TwnhsE,8,5,2004,2005,2208,Y,2522,0,2522,2,8,1,2,564,11,2009,375000
575,120,34,5063,Reg,Lvl,NridgHt,Twnhs,7,5,2007,2008,1314,Y,1314,0,1314,2,6,1,2,626,4,2009,207500
1666,50,81,12150,Reg,Lvl,OldTown,1Fam,5,5,1954,1954,1050,N,1050,745,1795,2,7,0,1,352,11,2008,131500
1451,20,70,7000,Reg,Lvl,NAmes,1Fam,5,7,1960,2002,1010,Y,1134,0,1134,1,6,0,1,254,4,2007,135000
2688,50,66,8712,Reg,HLS,IDOTRR,1Fam,4,7,1900,1950,859,Y,859,319,1178,1,7,0,1,384,1,2010,102776
50,80,56,8872,IR1,HLS,Gilbert,1Fam,6,5,1997,1997,384,Y,754,630,1384,2,7,1,2,390,3,2007,161500
1268,20,75,9750,Reg,Lvl,NAmes,1Fam,6,6,1958,1958,1442,Y,1442,0,1442,1,7,0,1,301,4,2007,157900
2214,20,88,12803,IR1,Lvl,CollgCr,1Fam,7,5,2002,2002,1494,Y,1494,0,1494,2,6,1,2,530,9,2008,221000
798,60,70,8304,IR1,Lvl,SawyerW,1Fam,6,5,1997,1998,941,Y,941,896,1837,2,7,0,2,688,7,2006,187000
1001,20,110,15417,Reg,Lvl,Veenker,1Fam,7,5,1981,1981,1740,Y,1740,0,1740,1,7,0,2,540,6,2009,241600
2075,60,80,9828,IR1,Lvl,SawyerW,1Fam,8,5,1995,1995,1128,Y,1142,878,2020,2,8,1,2,466,6,2009,239500
1120,90,85,11475,Reg,Lvl,NAmes,Duplex,5,5,1958,1958,1584,Y,1776,0,1776,2,9,0,3,888,7,2009,110000
2051,50,104,23920,Reg,Lvl,SawyerW,1Fam,6,5,1984,1984,1105,Y,1105,717,1822,2,7,1,2,515,4,2007,228500
859,20,75,8100,Reg,Lvl,Sawyer,1Fam,5,8,1961,2007,864,Y,864,0,864,1,5,1,1,420,7,2008,135000
2785,50,44,13758,IR1,Lvl,Timber,1Fam,7,5,1990,1991,1156,Y,1187,530,1717,2,7,1,2,400,4,2007,187500
1187,50,92,7438,IR1,Lvl,BrkSide,1Fam,5,8,1908,1991,504,Y,936,316,1252,1,5,0,2,576,6,2006,127000
1539,70,66,3960,Reg,Lvl,OldTown,1Fam,7,8,1930,1950,502,N,502,502,1004,1,5,1,1,200,7,2006,105000
2537,70,66,8969,Reg,Bnk,Crawfor,1Fam,6,6,1926,1950,644,Y,672,644,1316,1,6,1,1,369,7,2008,145000
720,20,72,8640,Reg,Lvl,Somerst,1Fam,7,5,2008,2008,1402,Y,1402,0,1402,2,7,0,2,625,5,2009,229800
806,60,43,14565,IR2,Lvl,SawyerW,1Fam,7,5,1994,1995,832,Y,832,825,1657,2,6,0,2,483,11,2008,189000
2292,20,70,8749,Reg,Lvl,CollgCr,1Fam,7,5,2002,2002,1459,Y,1459,0,1459,2,6,1,2,527,9,2007,192000
1122,20,100,10004,Reg,Lvl,NAmes,1Fam,6,6,1964,1964,1516,Y,1516,0,1516,1,6,0,2,472,2,2009,167000
392,20,76,9591,Reg,Lvl,NridgHt,1Fam,8,5,2004,2005,1713,Y,1713,0,1713,2,7,1,3,856,1,2009,274900
1473,45,64,6390,Reg,Lvl,NAmes,1Fam,6,7,1954,1954,936,Y,984,0,984,1,4,0,1,280,6,2008,112500
1039,60,80,10400,Reg,Lvl,NWAmes,1Fam,6,5,1972,1972,732,Y,1012,778,1790,1,8,1,2,484,11,2006,165150
2673,50,75,9060,Reg,Lvl,IDOTRR,1Fam,6,5,1957,1957,967,Y,967,671,1638,2,6,0,1,384,4,2006,139000
2832,20,94,25286,Reg,HLS,Mitchel,1Fam,4,5,1963,1963,1064,Y,1040,0,1040,1,5,0,2,648,1,2007,132250
2646,50,50,7000,Reg,Lvl,IDOTRR,1Fam,6,7,1940,1950,720,Y,720,495,1215,1,6,0,2,720,5,2007,141000
2602,70,75,12000,Reg,Bnk,Crawfor,1Fam,7,7,1941,1950,704,Y,860,704,1564,1,7,1,1,234,7,2009,174500
340,20,107,14450,Reg,Lvl,NridgHt,1Fam,9,5,2006,2007,2121,Y,2121,0,2121,2,8,1,3,732,5,2007,415298
1487,20,81,7635,IR1,Lvl,NAmes,1Fam,5,6,1960,1960,1175,Y,1175,0,1175,1,6,0,2,484,6,2010,148000
1746,50,52,6240,Reg,Lvl,BrkSide,1Fam,6,6,1931,1950,884,Y,959,408,1367,1,6,1,1,560,11,2007,127500
178,20,80,10400,Reg,Lvl,NWAmes,1Fam,7,5,1988,1988,1845,Y,1872,0,1872,2,6,1,2,604,6,2006,241500
449,60,105,13650,Reg,Lvl,NridgHt,1Fam,8,5,2002,2002,1671,Y,1687,563,2250,2,7,1,3,756,6,2010,320000
2784,80,125,14419,IR1,Lvl,Timber,1Fam,7,5,1987,1989,1645,Y,1479,0,1479,2,7,1,2,578,7,2009,213500
683,20,116,13501,IR1,Lvl,Somerst,1Fam,8,5,2006,2006,1623,Y,1636,0,1636,2,8,1,3,865,6,2007,255000
2873,160,21,2001,Reg,Lvl,MeadowV,Twnhs,4,5,1970,1970,546,Y,546,546,1092,1,6,0,1,286,1,2007,75000
2263,85,70,8445,Reg,Lvl,CollgCr,1Fam,5,7,1972,2007,768,Y,768,0,768,1,5,0,2,396,3,2009,133000
1813,60,60,9780,Reg,Lvl,IDOTRR,1Fam,7,9,1950,2005,976,Y,976,976,1952,1,8,2,1,299,4,2007,212300
1699,70,59,5870,Reg,Lvl,BrkSide,1Fam,6,9,1900,2000,554,Y,736,554,1290,1,6,0,1,200,4,2008,106900
41,20,50,14859,IR1,HLS,Gilbert,1Fam,7,5,2006,2006,1670,Y,1670,0,1670,2,7,1,3,690,8,2006,240000
767,20,80,9605,Reg,Lvl,SawyerW,1Fam,7,6,2007,2007,1218,Y,1218,0,1218,1,6,0,2,576,4,2009,159000
1354,45,60,9600,Reg,Lvl,NAmes,1Fam,5,7,1949,2003,845,Y,893,0,893,1,4,0,2,576,5,2007,135000
2895,20,124,27697,Reg,Lvl,Mitchel,1Fam,4,3,1961,1961,1396,N,1608,0,1608,1,6,0,1,444,11,2007,80000
1360,70,113,21281,Reg,Lvl,NAmes,1Fam,5,4,1935,2007,666,Y,1308,1778,3086,3,9,0,3,1200,11,2007,301600
1060,60,70,8400,Reg,Lvl,NWAmes,1Fam,8,6,2001,2001,810,Y,810,855,1665,2,6,0,2,528,11,2009,227000
1754,70,60,6155,IR1,Lvl,BrkSide,1Fam,6,8,1920,1999,611,Y,751,611,1362,2,6,0,2,502,6,2008,128000
968,60,79,10646,IR1,Lvl,Somerst,1Fam,7,5,2001,2001,858,Y,872,917,1789,2,7,1,2,546,6,2008,223000
1553,70,50,9000,Reg,Lvl,OldTown,1Fam,5,6,1880,1991,636,Y,1089,661,1750,1,8,0,1,240,6,2006,124000
949,120,42,4385,IR1,Lvl,Somerst,TwnhsE,9,5,2001,2001,1419,Y,1419,0,1419,1,5,1,2,588,9,2008,290000
1841,70,107,12888,Reg,Bnk,Sawyer,1Fam,7,8,1937,1980,1005,Y,1262,1005,2267,1,7,2,2,498,4,2007,219000
468,120,48,7841,IR1,Lvl,NridgHt,TwnhsE,9,5,2005,2005,1577,Y,1577,0,1577,2,6,1,2,564,5,2007,280000
1773,70,60,8730,Reg,Lvl,BrkSide,1Fam,6,7,1915,2003,698,Y,698,698,1396,1,7,0,1,384,7,2007,153575
2909,90,70,7700,Reg,Lvl,Mitchel,Duplex,5,2,1985,1986,1216,Y,1216,1216,2432,4,10,0,2,616,2,2010,159000
2442,160,24,2522,Reg,Lvl,Edwards,Twnhs,7,5,2004,2004,970,Y,970,739,1709,2,7,0,2,380,4,2006,137500
1382,70,60,7200,Reg,Lvl,OldTown,1Fam,6,8,1915,1950,663,Y,774,821,1595,2,7,1,2,528,4,2006,155500
1702,30,50,6000,Reg,HLS,BrkSide,1Fam,5,7,1924,2003,949,Y,949,0,949,1,5,1,2,370,7,2008,119000
1431,20,313,27650,IR2,HLS,NAmes,1Fam,7,7,1960,2007,585,Y,2069,0,2069,2,9,1,2,505,11,2008,242000
931,160,30,3180,Reg,Lvl,Somerst,TwnhsE,6,5,2005,2005,600,Y,600,600,1200,2,5,0,2,480,5,2008,165000
316,160,24,2364,Reg,Lvl,NPkVill,TwnhsE,6,5,1978,1978,855,Y,855,601,1456,2,6,1,2,440,4,2009,138000
1705,50,50,6000,Reg,Lvl,BrkSide,1Fam,6,6,1940,1950,572,Y,848,348,1196,1,6,2,2,576,3,2010,128000
1005,20,94,17778,IR1,Lvl,Veenker,1Fam,8,5,1981,1981,2461,Y,2497,0,2497,2,7,2,2,676,3,2007,373000
350,60,102,12858,IR1,Lvl,NridgHt,1Fam,9,5,2009,2010,1590,Y,1627,707,2334,2,10,1,3,751,1,2010,376162
333,60,110,14257,Reg,Lvl,NridgHt,1Fam,9,5,2007,2007,1776,Y,1794,978,2772,3,10,3,3,754,6,2009,462000
804,60,50,8480,IR1,Lvl,SawyerW,1Fam,6,5,1993,1994,886,Y,886,794,1680,2,7,0,2,474,10,2008,163000
1607,50,100,12665,IR1,Lvl,OldTown,1Fam,5,8,1915,1950,876,Y,876,540,1416,1,7,1,3,720,6,2008,153900
2193,60,69,9337,IR1,Lvl,CollgCr,1Fam,6,5,1997,1997,824,Y,905,881,1786,2,7,0,2,684,5,2007,204750
817,120,50,8012,Reg,Lvl,SawyerW,TwnhsE,6,5,1993,1994,1604,Y,1617,0,1617,2,5,1,2,533,7,2008,193000
1601,30,60,8520,Reg,Lvl,OldTown,1Fam,5,8,1923,1950,624,Y,792,0,792,1,5,0,1,287,2,2009,99500
1869,190,75,11235,Reg,Lvl,Sawyer,2fmCon,5,5,1963,1963,925,Y,999,0,999,1,6,0,1,308,3,2007,130000
983,120,22,11064,IR2,Lvl,Veenker,TwnhsE,8,5,1995,1995,1230,Y,1239,0,1239,1,4,1,2,477,8,2008,217500
1805,50,50,8600,Reg,Bnk,IDOTRR,1Fam,6,6,1937,1950,780,Y,780,596,1376,2,7,1,1,198,6,2006,119500
2341,60,41,12393,IR2,Lvl,CollgCr,1Fam,7,5,2004,2005,847,Y,847,1101,1948,2,8,1,2,434,9,2006,195000
1787,50,40,5680,Reg,Lvl,OldTown,1Fam,5,3,1901,1950,969,N,969,245,1214,1,6,0,1,216,9,2007,117000
1193,20,128,12160,Reg,Lvl,NAmes,1Fam,6,4,1953,1953,1505,Y,1505,0,1505,1,6,1,2,505,2,2009,149500
1336,20,70,8400,Reg,Lvl,NAmes,1Fam,5,5,1955,1955,923,Y,925,0,925,1,5,2,1,390,3,2007,116900
1375,70,80,8146,Reg,Lvl,OldTown,1Fam,4,8,1900,2003,405,Y,717,322,1039,1,6,0,1,281,5,2009,114000
788,20,66,13695,Reg,Lvl,SawyerW,1Fam,5,5,2004,2004,1114,Y,1114,0,1114,1,6,0,2,576,6,2008,159000
2083,90,64,7018,Reg,Bnk,SawyerW,Duplex,5,5,1979,1979,0,Y,1535,0,1535,2,8,0,2,400,6,2009,118858
2913,20,60,6600,Reg,Lvl,Mitchel,1Fam,5,6,1982,2005,845,Y,845,0,845,1,6,0,1,264,7,2008,134500
671,20,75,11957,IR1,Lvl,Somerst,1Fam,8,5,2006,2006,1574,Y,1574,0,1574,2,7,1,3,824,7,2008,232000
2364,20,65,8769,Reg,Lvl,CollgCr,1Fam,7,5,2005,2005,1169,Y,1190,0,1190,2,5,0,2,578,10,2007,173500
1984,50,124,18600,Reg,Lvl,Edwards,1Fam,3,4,1938,1990,972,Y,1052,558,1610,2,8,1,1,480,6,2010,124000
2790,20,82,11202,IR1,Lvl,Timber,1Fam,8,5,2003,2003,1432,Y,1440,0,1440,2,7,1,2,467,6,2008,232500
505,60,65,9018,IR1,Lvl,Gilbert,1Fam,7,5,2007,2007,728,Y,728,728,1456,2,8,1,2,400,7,2007,179540
2806,20,79,11449,IR1,HLS,Timber,1Fam,8,5,2007,2007,1884,Y,1728,0,1728,2,7,1,2,520,1,2008,298751
1506,30,60,6978,Reg,Bnk,OldTown,1Fam,5,7,1926,1980,850,Y,960,0,960,1,5,0,2,576,4,2007,103000
2186,20,43,13568,IR2,Lvl,CollgCr,1Fam,5,5,1995,1995,990,Y,990,0,990,1,5,0,2,576,7,2006,156000
422,60,110,13688,IR1,Lvl,NridgHt,1Fam,9,5,2003,2004,1572,Y,1572,1096,2668,2,10,2,3,726,3,2008,412500
1448,20,60,7200,Reg,Lvl,NAmes,1Fam,4,5,1950,1950,0,Y,1040,0,1040,1,4,0,2,420,7,2006,109900
2460,50,50,8405,Reg,Lvl,Edwards,1Fam,4,3,1945,1950,0,N,1088,441,1529,2,9,0,1,240,4,2009,98000
2616,20,56,26073,IR1,Lvl,Crawfor,1Fam,5,5,1956,1956,1898,Y,1898,0,1898,2,7,2,2,484,4,2008,236500
1524,50,60,10440,Reg,Lvl,OldTown,1Fam,6,7,1920,1950,1510,Y,1584,1208,2792,2,8,2,2,520,6,2008,256000
2490,30,67,5142,Reg,Lvl,Edwards,1Fam,4,7,1923,2008,949,Y,949,343,1292,1,6,0,1,205,6,2008,108000
672,60,75,12447,IR1,Lvl,Somerst,1Fam,8,5,2005,2006,1100,Y,1116,848,1964,2,8,1,2,760,1,2006,252000
1639,70,60,7200,Reg,Lvl,OldTown,1Fam,7,7,1920,1950,596,Y,998,764,1762,1,8,0,2,576,10,2006,157000
267,160,21,1680,Reg,Lvl,BrDale,Twnhs,6,5,1973,1973,483,Y,483,504,987,1,5,0,1,264,2,2008,103400
67,80,57,8923,IR1,Lvl,Gilbert,1Fam,7,5,1998,1998,384,Y,751,631,1382,2,7,1,2,396,2,2009,177500
2475,50,70,11767,Reg,Lvl,Edwards,1Fam,4,7,1910,2000,560,N,796,550,1346,1,6,0,1,384,5,2007,112000
1104,20,70,9100,Reg,Lvl,NAmes,1Fam,5,5,1958,1958,864,Y,864,0,864,1,5,0,2,624,7,2006,129900
1796,70,57,6876,Reg,Lvl,IDOTRR,1Fam,6,5,1927,1950,720,Y,1146,784,1930,2,8,0,1,316,8,2009,149000
929,160,30,3182,Reg,Lvl,Somerst,TwnhsE,7,5,2004,2005,600,Y,600,600,1200,2,4,0,2,480,6,2010,151000
490,60,65,10237,Reg,Lvl,Gilbert,1Fam,6,5,2005,2007,783,Y,783,701,1484,2,8,1,2,393,7,2007,178900
1331,20,80,13600,Reg,Bnk,NAmes,1Fam,5,6,1955,1955,1056,Y,1056,0,1056,1,6,0,1,300,11,2006,125000
365,20,98,11478,Reg,Lvl,NridgHt,1Fam,8,5,2007,2008,1704,Y,1704,0,1704,2,7,1,3,772,5,2010,306000
1508,30,30,5232,IR3,Bnk,OldTown,1Fam,5,5,1925,2004,680,N,764,0,764,1,4,0,2,504,6,2008,73000
1566,20,60,6000,Reg,Bnk,OldTown,2fmCon,4,4,1953,1953,936,N,936,0,936,1,4,0,2,576,2,2009,93000
987,20,80,12000,Reg,Lvl,Veenker,1Fam,7,6,1980,1980,2002,Y,2362,0,2362,2,8,1,2,546,3,2007,255000
2183,20,70,16561,IR2,Low,CollgCr,1Fam,5,5,1996,1996,1097,Y,1097,0,1097,1,6,0,1,242,7,2007,147900
776,60,96,10628,IR1,Lvl,SawyerW,1Fam,7,5,2004,2004,835,Y,871,941,1812,2,8,0,2,478,1,2009,193000
2076,80,85,10541,IR1,Lvl,SawyerW,1Fam,7,5,1996,1996,672,Y,1302,735,2037,2,8,1,2,472,2,2008,229000
1564,30,60,6756,Reg,Lvl,OldTown,1Fam,5,6,1910,1950,481,N,899,0,899,1,5,0,1,200,9,2008,78000
1482,20,87,10000,IR1,Lvl,NAmes,1Fam,6,6,1962,1962,1116,Y,1116,0,1116,1,5,0,2,440,2,2010,160000
2624,160,24,1488,Reg,Lvl,Blueste,TwnhsE,6,6,1980,1992,561,Y,561,668,1229,1,5,1,2,462,10,2009,137000
2897,80,62,7706,Reg,Lvl,Mitchel,1Fam,6,5,1993,1996,384,Y,1091,0,1091,1,5,0,1,429,8,2009,131250
49,60,57,8773,IR1,HLS,Gilbert,1Fam,6,5,1997,1997,916,Y,916,684,1600,2,7,1,2,460,8,2007,169000
151,80,78,12090,Reg,Lvl,NWAmes,1Fam,6,7,1984,2003,585,Y,1140,728,1868,3,7,1,2,477,1,2007,178000
2493,50,45,8248,Reg,Lvl,Edwards,1Fam,5,7,1918,1950,686,Y,686,564,1250,1,7,0,1,280,7,2006,116000
2102,60,65,10616,IR1,Lvl,CollgCr,1Fam,7,5,2007,2007,628,Y,628,728,1356,2,6,1,2,484,3,2008,177439
984,120,30,9549,IR1,Lvl,Veenker,TwnhsE,8,5,1995,1996,1494,Y,1494,0,1494,1,6,1,2,481,4,2006,270000
2184,20,60,8072,Reg,Lvl,CollgCr,1Fam,5,5,1994,1995,990,Y,990,0,990,1,5,0,2,480,5,2009,138000
845,20,70,9100,Reg,Lvl,Sawyer,1Fam,5,4,1962,1962,988,Y,988,0,988,1,6,0,2,624,7,2006,129500
193,20,70,12243,IR1,Lvl,NWAmes,1Fam,5,6,1971,1971,1484,Y,1484,0,1484,2,7,1,2,487,2,2007,175000
833,20,81,9672,Reg,Lvl,SawyerW,1Fam,6,5,1984,1985,1040,Y,1097,0,1097,2,6,0,2,480,5,2010,152000
874,20,75,7500,Reg,Lvl,Sawyer,1Fam,5,5,1963,1963,1040,Y,1040,0,1040,1,5,0,1,308,6,2010,133000
1947,20,60,9600,Reg,Lvl,Sawyer,1Fam,4,7,1950,1995,1067,Y,1067,0,1067,2,4,0,2,436,2,2010,128000
8,20,81,14267,IR1,Lvl,NAmes,1Fam,6,6,1958,1958,1329,Y,1329,0,1329,1,6,0,1,312,6,2010,172000
2619,20,100,17500,Reg,Bnk,Crawfor,1Fam,6,5,1954,1954,1310,Y,1906,0,1906,1,6,2,2,576,1,2009,224000
2172,20,105,11249,IR2,Lvl,CollgCr,1Fam,6,5,1995,1995,1200,Y,1200,0,1200,2,6,0,2,521,8,2007,177500
389,60,102,12151,IR1,Lvl,NridgHt,1Fam,9,5,2005,2005,1414,Y,1414,917,2331,2,9,1,3,1003,8,2008,379000
1004,20,80,9600,Reg,Lvl,Veenker,1Fam,6,8,1976,1976,1262,Y,1262,0,1262,2,6,1,2,460,5,2007,181500
749,60,65,8125,Reg,Lvl,Somerst,1Fam,7,5,2006,2006,770,Y,778,798,1576,2,6,0,2,614,8,2006,197000
1750,70,51,6120,Reg,Lvl,OldTown,1Fam,5,5,1923,1950,1100,Y,1226,676,1902,2,7,0,2,576,10,2008,123500
2440,160,24,2522,Reg,Lvl,Edwards,Twnhs,7,5,2004,2004,970,Y,970,739,1709,2,7,0,2,380,5,2006,130000
682,20,98,12291,IR1,Lvl,Somerst,1Fam,10,5,2007,2007,1966,Y,1966,0,1966,2,6,1,3,1092,10,2007,419005
124,60,47,53504,IR2,HLS,StoneBr,1Fam,8,5,2003,2003,1650,Y,1690,1589,3279,3,12,1,3,841,6,2010,538000
2756,60,83,13159,IR1,HLS,Timber,1Fam,7,5,2009,2009,846,Y,846,846,1692,2,6,0,2,650,7,2009,224500
695,20,85,10000,Reg,Lvl,Somerst,1Fam,8,5,2006,2006,1588,Y,1588,0,1588,2,7,1,3,825,12,2007,227000
1110,90,70,8393,Reg,Lvl,NAmes,Duplex,5,5,1959,2005,1626,Y,1712,0,1712,2,8,0,2,588,6,2006,145000
986,120,50,9466,IR2,Lvl,Veenker,TwnhsE,8,5,1994,1995,1494,Y,1494,0,1494,1,5,1,2,478,5,2007,279700
2202,60,70,8750,Reg,Lvl,CollgCr,1Fam,6,5,1998,1998,804,Y,804,878,1682,2,7,0,2,523,6,2010,200500
2579,50,110,7810,IR1,HLS,Crawfor,1Fam,4,6,1930,2003,930,Y,1230,525,1755,2,7,1,1,231,11,2007,188000
2775,20,47,12416,IR1,Lvl,Timber,1Fam,6,5,1986,1986,1606,Y,1651,0,1651,2,7,1,2,616,11,2008,184000
1271,20,80,9600,Reg,Lvl,NAmes,1Fam,6,6,1958,1988,1240,Y,1632,0,1632,2,6,1,1,338,4,2009,139000
277,160,24,2368,Reg,Lvl,BrDale,TwnhsE,5,6,1970,1970,765,Y,765,600,1365,1,7,0,2,440,5,2009,125000
1294,20,75,10425,Reg,Lvl,NAmes,1Fam,5,5,1956,1958,1104,Y,1104,0,1104,1,5,0,1,384,4,2008,133000
680,20,86,11194,IR1,Lvl,Somerst,1Fam,8,5,2008,2008,1696,Y,1696,0,1696,2,7,0,3,972,9,2009,275000
2485,80,62,7692,Reg,Bnk,Edwards,1Fam,4,6,1954,1954,416,Y,1204,0,1204,1,6,0,1,312,11,2008,100000
1168,20,68,9724,Reg,Lvl,NAmes,1Fam,5,7,1947,1950,938,Y,1043,0,1043,1,5,1,1,273,5,2006,137000
1249,20,65,6860,IR1,Lvl,NAmes,1Fam,5,6,1956,1956,1008,Y,1008,0,1008,1,6,0,1,308,12,2007,131000
1384,30,60,5400,Reg,Lvl,OldTown,1Fam,4,7,1940,2005,672,Y,672,0,672,1,4,0,1,308,7,2008,86900
2703,120,44,3842,IR1,HLS,Crawfor,TwnhsE,8,5,2004,2005,1594,Y,1646,0,1646,2,5,1,2,482,1,2008,275000
423,60,110,14277,Reg,Lvl,NridgHt,1Fam,8,5,2003,2003,1317,Y,1217,1168,2385,2,7,1,3,818,1,2007,350000
1200,20,89,10680,Reg,Lvl,NAmes,1Fam,5,3,1951,1951,2136,N,2136,0,2136,2,7,0,2,528,10,2006,137900
1383,50,60,10930,Reg,Bnk,NAmes,1Fam,5,6,1945,1950,913,Y,1048,510,1558,1,6,1,1,288,4,2008,140000
754,20,85,10625,Reg,Lvl,Somerst,1Fam,8,5,2007,2007,1660,Y,1660,0,1660,2,7,1,3,660,6,2008,256000
692,20,79,9416,Reg,Lvl,Somerst,1Fam,7,5,2007,2007,1726,Y,1726,0,1726,2,8,1,3,786,9,2007,311872
23,60,60,8238,IR1,Lvl,Gilbert,1Fam,6,5,1997,1998,813,Y,813,712,1525,2,6,1,2,400,5,2006,183500
2062,60,103,13125,IR1,Lvl,SawyerW,1Fam,7,5,1991,1991,1104,Y,912,1215,2127,2,8,1,3,833,11,2007,238000
2664,30,60,8967,Reg,Lvl,IDOTRR,1Fam,5,2,1920,1950,961,Y,1077,0,1077,1,6,0,1,338,11,2007,67000
618,60,84,14260,IR1,Lvl,NoRidge,1Fam,8,5,2000,2000,1145,Y,1145,1053,2198,2,9,1,3,836,12,2008,250000
2896,20,160,20000,Reg,Lvl,Mitchel,1Fam,5,7,1960,1996,1224,Y,1224,0,1224,1,7,1,2,576,9,2006,131000
530,120,43,3182,Reg,Lvl,Blmngtn,TwnhsE,8,5,2004,2005,1256,Y,1269,0,1269,2,6,1,2,430,4,2010,192000
2313,20,90,11248,IR1,Lvl,CollgCr,1Fam,9,5,2002,2002,1626,Y,1668,0,1668,2,7,1,3,702,7,2007,285000
2734,90,82,11070,Reg,Lvl,Mitchel,Duplex,7,5,1988,1989,1907,Y,1959,0,1959,3,9,0,3,766,7,2006,171000
2133,20,78,11645,Reg,Lvl,CollgCr,1Fam,8,5,2005,2006,1498,Y,1498,0,1498,2,7,1,3,844,3,2009,237000
1830,30,60,10320,Reg,Lvl,IDOTRR,1Fam,5,8,1912,1991,451,Y,759,0,759,1,5,0,2,576,8,2008,85000
1222,20,92,10573,IR1,Lvl,NAmes,1Fam,6,6,1961,1961,1453,Y,1453,0,1453,2,6,1,2,530,4,2009,187500
659,60,79,9085,Reg,Lvl,NoRidge,1Fam,7,5,1995,1996,1070,Y,1094,967,2061,2,7,1,2,647,11,2009,260000
1019,20,80,10400,Reg,Lvl,NWAmes,1Fam,7,6,1970,1970,1304,Y,1682,0,1682,2,7,1,2,530,5,2008,174000
862,20,85,6970,Reg,Lvl,Sawyer,1Fam,4,5,1961,1961,1040,Y,1120,0,1120,1,5,0,2,544,5,2007,129000
147,60,46,20544,IR1,Lvl,NWAmes,1Fam,7,6,1986,1991,791,Y,1236,857,2093,2,7,1,2,542,11,2008,215000
978,20,73,7321,IR1,Lvl,Somerst,1Fam,7,5,1999,2000,1339,Y,1358,0,1358,2,5,0,2,625,12,2007,204000
1693,50,70,8737,IR1,Bnk,BrkSide,1Fam,6,7,1923,1950,1065,Y,915,720,1635,1,6,1,2,440,5,2007,210000
534,120,43,3182,Reg,Lvl,Blmngtn,TwnhsE,7,5,2005,2006,1145,Y,1145,0,1145,2,5,1,2,397,9,2009,160200
1514,50,60,10440,Reg,Lvl,OldTown,1Fam,5,6,1910,1981,440,Y,682,548,1230,1,5,0,2,440,5,2009,110000
705,20,85,10936,Reg,Lvl,Somerst,1Fam,8,5,2006,2006,1504,Y,1504,0,1504,2,7,0,2,510,9,2006,199000
1806,50,50,9000,Reg,Bnk,IDOTRR,1Fam,6,6,1937,1950,780,Y,780,595,1375,1,6,1,1,544,12,2007,141000
1352,50,78,17503,Reg,Lvl,NAmes,1Fam,6,5,1948,1950,912,Y,912,546,1458,1,6,1,1,330,1,2010,97500
1079,90,72,11072,IR1,Lvl,NAmes,Duplex,5,5,1965,1965,1728,Y,1728,0,1728,2,10,0,2,576,11,2008,145000
1587,50,50,5500,Reg,Lvl,OldTown,1Fam,5,7,1929,2001,926,Y,926,0,1316,1,6,0,2,484,4,2010,130000
1708,50,50,6000,Reg,Lvl,BrkSide,1Fam,6,6,1939,1950,780,Y,825,587,1412,1,6,1,1,280,5,2009,132500
1704,50,50,6000,Reg,Lvl,BrkSide,1Fam,6,9,1937,2000,698,Y,786,390,1176,1,4,0,2,624,7,2009,134900
2069,60,75,9317,Reg,Lvl,SawyerW,1Fam,7,5,1993,1993,740,Y,1006,769,1775,2,7,1,2,425,7,2009,213000
797,20,61,7328,Reg,Lvl,SawyerW,1Fam,7,5,2008,2009,1450,Y,1450,0,1450,2,6,0,3,788,2,2009,224243
2056,80,66,19255,IR1,Lvl,SawyerW,1Fam,6,5,1983,1983,520,Y,1338,0,1338,1,5,1,2,576,9,2009,156500
1042,20,80,9547,Reg,Lvl,NWAmes,1Fam,7,6,1993,1993,1594,Y,1594,0,1594,2,6,1,2,472,7,2007,188500
513,60,64,7713,Reg,Lvl,Gilbert,1Fam,7,5,2007,2007,728,Y,728,728,1456,2,7,0,2,400,7,2007,177594
2098,20,71,9178,Reg,Lvl,CollgCr,1Fam,8,5,2008,2008,1468,Y,1468,0,1468,2,6,1,3,904,6,2009,239900
2239,20,76,6950,IR1,Lvl,CollgCr,1Fam,5,7,1979,1979,914,Y,914,0,914,1,5,0,2,444,10,2009,134900
2657,30,71,6900,Reg,Lvl,IDOTRR,1Fam,5,6,1940,1955,740,Y,778,0,778,1,4,1,1,924,2,2008,120500
1762,70,60,13515,Reg,Lvl,BrkSide,1Fam,6,6,1919,1950,764,Y,1060,764,1824,1,8,1,2,520,7,2007,180500
144,60,85,11900,Reg,Lvl,Gilbert,1Fam,5,6,1977,1977,1122,Y,946,988,1934,2,6,1,2,567,7,2009,185000
2048,20,60,9060,Reg,Lvl,Edwards,1Fam,5,6,1957,2006,0,Y,1340,0,1340,1,7,1,1,252,6,2007,120000
1969,20,65,25095,IR1,Low,ClearCr,1Fam,5,8,1968,2003,1437,Y,1473,0,1473,1,5,2,1,452,6,2009,143000
1694,50,50,6125,Reg,Lvl,BrkSide,1Fam,5,7,1939,1998,728,Y,728,546,1274,2,6,0,1,224,3,2007,135000
880,20,60,8281,IR1,Lvl,Sawyer,1Fam,5,5,1965,1965,864,Y,864,0,864,1,5,1,1,360,12,2009,62383
956,160,24,2117,Reg,Lvl,Somerst,Twnhs,6,5,2000,2000,756,Y,769,804,1573,2,4,0,2,440,9,2007,177000
2724,80,74,9620,Reg,Lvl,Mitchel,1Fam,6,7,1977,1977,1243,Y,1285,0,1285,2,6,1,2,473,5,2010,190000
2592,20,79,7801,IR1,Lvl,Crawfor,1Fam,6,5,1951,1951,1091,N,1091,0,1091,1,5,1,1,344,5,2008,104000
285,160,21,1680,Reg,Lvl,BrDale,TwnhsE,6,3,1971,1971,483,Y,483,504,987,1,5,0,1,264,8,2008,89500
2227,80,55,10780,IR1,Lvl,CollgCr,1Fam,5,5,1976,1976,911,Y,954,0,954,1,6,0,2,576,7,2006,132500
999,120,40,3840,IR1,Lvl,Greens,TwnhsE,8,6,1978,1998,1057,Y,1295,0,1295,1,4,2,2,571,7,2007,213750
1177,50,51,4712,IR1,Lvl,BrkSide,1Fam,4,7,1946,1950,747,Y,774,456,1230,1,5,0,1,305,8,2006,121600
2767,80,73,9802,Reg,Lvl,Timber,1Fam,5,5,2006,2007,352,Y,712,730,1442,2,6,0,2,400,4,2008,172500
2536,30,64,8574,Reg,Lvl,Crawfor,1Fam,6,8,1916,2000,816,Y,1232,0,1232,1,6,1,2,440,10,2009,147500
2765,20,88,11896,IR1,Lvl,Timber,1Fam,7,5,2008,2008,1336,Y,1346,0,1346,2,6,1,3,660,5,2010,220000
440,120,47,6904,IR1,Lvl,NridgHt,TwnhsE,6,5,2005,2005,1358,Y,1358,0,1358,2,6,1,2,484,8,2009,213000
613,60,80,9200,Reg,Lvl,NoRidge,1Fam,8,5,1998,1998,1470,Y,1470,1160,2630,2,8,1,3,696,6,2008,315000
1547,30,56,3153,Reg,Lvl,OldTown,1Fam,5,6,1920,1990,967,Y,967,0,967,1,5,1,1,180,7,2007,99900
119,20,53,15401,IR1,HLS,StoneBr,1Fam,9,5,2004,2004,1884,Y,1884,0,1884,2,7,1,3,670,9,2008,387000
1755,30,50,6000,Reg,Lvl,BrkSide,1Fam,5,7,1921,1950,616,Y,616,0,616,1,4,0,1,205,6,2006,89000
2833,90,100,25000,Reg,Low,Mitchel,Duplex,5,4,1967,1967,1632,Y,1632,0,1632,2,8,0,2,576,6,2007,143000
1580,50,50,5925,Reg,Lvl,OldTown,1Fam,4,6,1900,1950,570,N,761,380,1141,1,6,0,1,252,5,2007,85000
904,20,89,12461,Reg,Lvl,NoRidge,1Fam,8,5,1994,1995,1624,Y,1624,0,1624,2,5,1,3,757,7,2006,262000
2661,30,58,8154,Reg,Lvl,IDOTRR,1Fam,2,5,1941,1950,480,Y,540,0,540,1,4,0,1,200,4,2010,82000
438,120,34,3903,Reg,Lvl,NridgHt,Twnhs,6,5,2005,2006,1302,Y,1302,0,1302,1,5,1,2,631,5,2007,200000
1822,20,49,8235,IR1,HLS,OldTown,1Fam,5,7,1955,1995,825,Y,825,0,825,1,4,0,2,720,6,2008,125000
2502,50,76,11388,Reg,Low,Edwards,1Fam,4,7,1910,1993,616,N,1055,218,1273,1,5,0,1,275,9,2006,121000
2467,40,62,10042,Reg,Bnk,Edwards,1Fam,6,8,1920,1995,660,Y,740,125,865,1,4,1,1,216,8,2007,108500
933,160,30,3180,Reg,Lvl,Somerst,TwnhsE,7,5,2005,2005,600,Y,520,600,1200,2,4,0,2,480,6,2006,151000
2821,20,93,10114,Reg,Lvl,Mitchel,1Fam,5,5,2004,2005,1430,Y,1430,0,1430,2,7,0,2,624,3,2010,173500
107,120,35,5118,IR1,HLS,StoneBr,TwnhsE,8,5,1990,1990,1312,Y,1321,0,1321,1,4,1,2,484,8,2007,212000
1612,190,69,9142,Reg,Lvl,OldTown,2fmCon,6,8,1910,1950,1020,N,908,1020,1928,2,9,0,1,440,4,2006,137000
134,120,60,8147,Reg,HLS,StoneBr,TwnhsE,9,5,2005,2005,1714,Y,1714,0,1714,2,7,1,2,517,8,2006,318000
2906,20,76,12887,Reg,Lvl,Mitchel,1Fam,5,7,1984,1984,833,Y,833,0,833,1,5,0,2,495,4,2010,149900
2607,20,80,12984,Reg,Bnk,Crawfor,1Fam,5,6,1977,1977,1430,Y,1647,0,1647,2,7,1,2,621,3,2006,217500
2529,45,55,10594,Reg,Lvl,Crawfor,1Fam,5,5,1926,1950,768,N,789,0,789,1,5,0,1,200,6,2007,96500
76,60,75,10000,IR1,Lvl,Gilbert,1Fam,6,5,1993,1994,763,Y,763,892,1655,2,7,1,2,440,4,2010,175900
2560,50,51,10480,Reg,Lvl,SWISU,1Fam,6,5,1936,1950,1064,Y,1166,0,1639,1,6,0,1,240,3,2008,115000
1170,50,120,17360,Reg,Lvl,NAmes,1Fam,6,6,1949,1950,782,Y,1019,537,1556,2,6,1,2,470,1,2010,172500
15,20,90,11727,Reg,Lvl,NAmes,1Fam,7,6,1969,1969,1851,Y,1851,0,1851,2,8,1,2,506,3,2006,192100
443,120,43,7052,IR1,Lvl,NridgHt,TwnhsE,7,5,2005,2005,1364,Y,1364,0,1364,2,6,1,2,484,6,2006,185850
710,60,72,8640,Reg,Lvl,Somerst,1Fam,7,5,2009,2009,900,Y,932,920,1852,2,7,1,2,644,7,2009,252678
326,20,96,12469,Reg,Lvl,NridgHt,1Fam,9,5,2006,2007,1790,Y,1816,0,1816,2,7,1,3,730,8,2007,356000
1756,30,60,6324,IR1,Lvl,BrkSide,1Fam,4,6,1927,1950,520,N,520,0,520,1,4,0,1,240,5,2008,68500
2323,20,70,9100,Reg,Lvl,CollgCr,1Fam,7,5,2001,2001,1212,Y,1212,0,1212,2,6,0,2,573,6,2009,178000
196,20,105,11751,IR1,Lvl,NWAmes,1Fam,6,6,1977,1977,1844,Y,1844,0,1844,2,7,1,2,546,1,2010,190000
755,60,85,10625,Reg,Lvl,Somerst,1Fam,6,5,2004,2004,1158,Y,1158,1285,2443,2,9,1,3,744,6,2007,265000
1394,50,90,5400,Reg,Lvl,OldTown,1Fam,4,6,1920,1950,840,Y,840,534,1374,1,6,0,1,338,10,2009,105000
711,20,72,8640,Reg,Lvl,Somerst,1Fam,8,5,2007,2007,1338,Y,1338,0,1338,2,6,0,2,598,11,2007,208900
1651,75,75,13500,Reg,Lvl,OldTown,1Fam,10,9,1893,2000,1237,Y,1521,1254,2775,3,9,1,2,880,7,2008,325000
1154,20,80,10721,IR1,Lvl,NAmes,1Fam,6,6,1959,1959,1252,Y,1252,0,1252,1,7,0,2,528,10,2008,142000
650,60,90,9900,Reg,Low,NoRidge,1Fam,7,5,1993,1993,1347,Y,1372,1274,2646,2,9,1,3,656,4,2009,260000
906,60,85,13143,IR1,Lvl,NoRidge,1Fam,8,5,1993,1993,1231,Y,1251,1098,2349,2,9,1,3,762,6,2010,362500
2346,60,65,8450,Reg,Lvl,CollgCr,1Fam,7,5,2003,2003,856,Y,856,854,1710,2,8,0,2,548,2,2008,208500
905,60,107,10186,IR1,Lvl,NoRidge,1Fam,7,5,1992,1992,750,Y,1061,862,1923,2,8,1,2,564,6,2010,190000
150,60,94,13005,IR1,Lvl,NWAmes,1Fam,7,7,1980,1980,845,Y,1153,1200,2353,2,10,1,2,484,8,2009,260000
785,20,63,13072,Reg,Lvl,SawyerW,1Fam,6,5,2005,2005,1141,Y,1141,0,1141,1,6,0,2,484,3,2006,142500
2549,30,52,6292,Reg,Bnk,SWISU,1Fam,6,5,1930,1950,768,N,790,0,790,1,4,0,1,160,4,2008,91000
371,20,129,16870,IR1,Lvl,NridgHt,1Fam,8,5,2004,2005,1782,Y,1782,0,1782,2,7,2,3,932,4,2009,296000
293,160,21,1680,Reg,Lvl,BrDale,Twnhs,5,7,1972,1972,630,Y,630,672,1302,2,6,0,1,264,2,2009,119500
351,20,95,12350,Reg,Lvl,NridgHt,1Fam,9,5,2008,2008,2020,Y,2020,0,2020,2,7,1,3,896,5,2009,404000
678,20,49,20896,IR2,Lvl,Somerst,1Fam,8,5,2005,2006,2077,Y,2097,0,2097,1,8,1,3,1134,1,2006,423000
1667,70,60,10800,Reg,Bnk,OldTown,1Fam,7,8,1890,1998,718,Y,1576,978,2554,1,8,0,2,704,7,2007,159500
2546,50,57,7558,Reg,Bnk,Crawfor,1Fam,6,6,1928,1950,896,Y,1172,741,1913,1,9,1,2,342,3,2009,177000
2259,20,60,7200,Reg,Low,CollgCr,1Fam,5,5,1972,1972,894,Y,894,0,894,1,6,0,2,600,9,2009,123000
1866,190,60,6048,Reg,Lvl,SWISU,2fmCon,5,7,1910,1950,856,Y,936,744,1680,2,7,1,2,450,6,2010,114900
1912,20,71,8197,Reg,Lvl,Sawyer,1Fam,6,5,1977,1977,660,Y,1285,0,1285,1,7,1,2,528,4,2007,143500
2241,20,61,8800,IR1,Lvl,CollgCr,1Fam,5,7,1977,2008,1040,Y,1040,0,1040,2,5,0,2,484,9,2009,150500
2911,20,60,6600,Reg,Lvl,Mitchel,1Fam,5,9,1982,2008,816,Y,816,0,816,1,5,1,1,264,10,2008,130500
2817,90,97,8940,IR1,Lvl,Mitchel,Duplex,7,5,1997,1998,1344,Y,1344,0,1344,2,8,0,4,784,11,2008,209200
498,60,57,8918,IR1,Lvl,Gilbert,1Fam,6,5,2005,2006,745,Y,745,745,1490,2,7,1,2,392,7,2009,167800
1406,20,75,8700,IR1,Lvl,NAmes,1Fam,5,7,1961,1961,920,Y,888,0,888,1,5,0,1,240,2,2007,120000
2441,160,24,2522,Reg,Lvl,Edwards,Twnhs,6,5,2004,2006,970,Y,970,739,1709,2,7,0,2,380,4,2006,130000
184,20,80,9600,Reg,Lvl,NWAmes,1Fam,8,5,1981,1981,2524,Y,2524,0,2524,2,9,1,2,542,7,2009,278000
133,120,60,8118,Reg,HLS,StoneBr,TwnhsE,9,5,2007,2007,1710,Y,1710,0,1710,2,6,1,2,557,7,2008,334000
1108,20,74,7450,IR1,Lvl,NAmes,1Fam,5,5,1956,1956,894,Y,1074,0,1074,1,6,1,2,396,1,2007,124000
1161,20,80,10800,Reg,Lvl,NAmes,1Fam,5,7,1960,1960,1248,Y,1248,0,1248,1,6,0,1,286,5,2006,151500
1839,20,55,8250,Reg,Lvl,Sawyer,1Fam,5,5,1968,1968,952,Y,1211,0,1211,1,5,1,1,322,8,2008,134000
2726,90,75,10125,Reg,Lvl,Mitchel,Duplex,5,5,1977,1977,0,Y,1302,432,1734,2,8,0,2,539,8,2009,126000
188,60,80,10793,Reg,Lvl,NWAmes,1Fam,5,5,1969,1969,780,Y,780,840,1620,2,7,0,2,462,4,2007,152000
2399,20,65,6500,Reg,Lvl,Edwards,1Fam,6,6,1976,1976,1127,Y,1127,0,1127,1,6,1,2,480,5,2008,135000
2363,20,63,8500,Reg,Lvl,CollgCr,1Fam,7,5,2004,2004,1422,Y,1422,0,1422,2,7,0,2,626,11,2007,179600
1453,20,70,7560,Reg,Lvl,NAmes,1Fam,5,6,1958,1965,1029,Y,1339,0,1339,1,6,0,1,294,5,2009,139000
1191,20,89,10858,Reg,Lvl,NAmes,1Fam,5,6,1952,1952,1444,Y,1624,0,1624,1,6,1,1,240,7,2006,146500
794,60,74,7632,IR1,Lvl,SawyerW,1Fam,7,5,2005,2005,784,Y,831,754,1585,2,7,0,2,449,3,2006,184900
2893,20,100,21750,Reg,HLS,Mitchel,1Fam,5,5,1954,1954,988,Y,988,0,988,1,4,0,2,520,2,2008,113000
2437,180,35,3675,Reg,Lvl,Edwards,TwnhsE,6,5,2005,2006,547,Y,1072,0,1072,1,5,0,2,525,4,2009,145500
907,60,88,11134,Reg,Lvl,NoRidge,1Fam,8,5,1992,1993,1390,Y,1402,823,2225,2,7,1,3,713,6,2010,285000
1557,20,60,7200,Reg,Lvl,OldTown,1Fam,4,5,1950,1950,576,Y,864,0,864,1,5,0,1,528,8,2006,105000
584,60,62,7917,Reg,Lvl,Gilbert,1Fam,6,5,1999,2000,953,Y,953,694,1647,2,7,1,2,460,8,2007,175000
1066,60,73,8814,Reg,Lvl,NAmes,1Fam,5,6,1968,1968,732,Y,732,732,1464,1,7,0,2,470,6,2008,141000
624,60,108,14774,IR1,Lvl,NoRidge,1Fam,9,5,1999,1999,1393,Y,1422,1177,2599,2,10,1,3,779,5,2010,333168
1949,20,87,13050,Reg,Low,ClearCr,1Fam,5,6,1963,1963,1000,Y,1000,0,1000,1,4,2,2,575,4,2006,164000
587,60,71,8220,IR1,Lvl,Gilbert,1Fam,7,5,2000,2001,982,Y,1008,884,1892,2,8,1,2,431,7,2008,226750
185,20,79,10240,Reg,Lvl,NWAmes,1Fam,6,6,1980,1980,1686,Y,1686,0,1686,2,7,1,2,612,5,2006,207500
1845,20,50,4280,IR1,Lvl,Sawyer,1Fam,4,9,1946,2001,560,Y,704,0,704,1,4,0,1,220,9,2009,88750
2684,50,60,11040,Reg,Low,IDOTRR,1Fam,4,6,1920,1950,637,Y,897,439,1336,1,7,0,1,570,9,2006,108000
123,60,66,13682,IR2,HLS,StoneBr,1Fam,10,5,2006,2006,1410,Y,1426,1519,2945,3,10,1,3,641,10,2006,438780
1996,50,75,45600,IR2,Bnk,ClearCr,1Fam,6,8,1908,1997,907,Y,1307,1051,2358,3,10,1,2,360,9,2008,240000
1982,20,84,17808,Reg,Lvl,Edwards,1Fam,4,5,1946,1950,484,N,1242,0,1242,1,4,0,1,336,7,2007,109900
336,60,104,13518,Reg,Lvl,NridgHt,1Fam,9,5,2008,2009,1926,Y,1966,1174,3140,3,11,2,3,820,7,2009,485000
609,75,84,9660,Reg,Lvl,NoRidge,1Fam,8,5,1997,1997,1173,Y,1182,1017,2199,2,9,1,2,516,9,2008,284500
2510,50,60,8400,Reg,Bnk,SWISU,1Fam,6,5,1925,1950,1181,Y,1390,304,1694,2,7,1,2,576,6,2008,136500
2450,20,64,6400,Reg,Lvl,Edwards,1Fam,5,7,1959,2000,960,Y,960,0,960,1,4,0,1,392,12,2007,131750
722,60,72,8640,Reg,Lvl,Somerst,1Fam,8,5,2007,2007,896,Y,896,896,1792,2,8,0,2,590,11,2007,255000
1051,20,78,10140,Reg,Lvl,NWAmes,1Fam,7,5,1998,1999,1650,Y,1680,0,1680,2,7,1,2,583,6,2009,213250
2426,60,60,7023,Reg,Lvl,Edwards,1Fam,5,5,2005,2006,734,Y,734,674,1408,2,6,0,2,489,5,2007,171500
646,20,91,10437,IR1,Lvl,NoRidge,1Fam,8,6,1995,1995,2109,Y,2113,0,2113,2,7,1,3,839,8,2008,350000
847,90,68,8930,Reg,Lvl,Sawyer,Duplex,6,5,1978,1978,0,Y,1318,584,1902,2,8,0,2,539,4,2010,112000
393,20,77,10872,IR1,Lvl,NridgHt,1Fam,9,5,2006,2006,1504,Y,1531,0,1531,2,6,1,3,700,2,2009,300000
2261,20,60,7200,Reg,Lvl,CollgCr,1Fam,4,8,1972,2006,385,Y,875,0,875,1,5,0,2,728,10,2007,117000
1843,50,115,21286,Reg,Lvl,Sawyer,1Fam,5,5,1948,1950,720,Y,720,551,1271,2,7,1,1,312,8,2008,135000
121,60,82,16052,IR1,Lvl,StoneBr,1Fam,10,5,2006,2006,1850,Y,1850,848,2698,2,11,1,3,736,7,2006,535000
2824,20,200,43500,Reg,Lvl,Mitchel,1Fam,3,5,1953,1953,0,Y,2034,0,2034,1,9,0,4,1041,6,2007,130000
2801,20,95,13618,Reg,Lvl,Timber,1Fam,8,5,2005,2006,1728,Y,1960,0,1960,2,8,2,3,714,11,2006,320000
1328,20,60,10434,Reg,Lvl,NAmes,1Fam,4,5,1955,1955,1005,Y,1005,0,1005,1,5,1,2,672,11,2009,115000
479,120,48,3480,Reg,Lvl,NridgHt,TwnhsE,7,5,2003,2003,1405,Y,1405,0,1405,2,6,1,2,478,11,2009,173000
1374,50,60,7008,Reg,Lvl,OldTown,1Fam,4,8,1900,1998,448,Y,448,272,720,1,5,0,1,280,3,2006,86900
1000,120,40,3880,IR1,Lvl,Greens,Twnhs,8,6,1978,1978,1226,Y,1226,0,1226,1,4,1,2,484,1,2010,206000
323,20,129,16737,Reg,Lvl,NridgHt,1Fam,9,5,2004,2005,1980,Y,1980,0,1980,2,8,1,3,770,9,2006,315000
2145,20,91,11778,Reg,Lvl,CollgCr,1Fam,9,5,2008,2008,2271,Y,2276,0,2276,2,7,2,3,1348,6,2008,475000
1275,20,80,11600,Reg,Lvl,NAmes,1Fam,6,5,1960,1960,1383,Y,1383,0,1383,1,7,0,1,292,4,2006,145250
2623,160,24,1733,Reg,Lvl,Blueste,Twnhs,6,6,1980,1980,516,Y,516,516,1032,1,5,1,2,452,5,2009,115000
2054,60,116,13474,Reg,Lvl,SawyerW,1Fam,7,5,1990,1991,700,Y,1122,1121,2243,2,8,1,3,746,6,2007,225000
2419,80,94,7819,Reg,Lvl,Edwards,1Fam,6,5,1976,1976,1029,Y,1117,0,1117,1,6,1,2,672,3,2010,107000
290,160,21,1680,Reg,Lvl,BrDale,Twnhs,6,6,1972,1972,483,Y,483,504,987,1,5,0,1,288,7,2009,97000
370,20,110,14977,IR1,Lvl,NridgHt,1Fam,8,5,2006,2007,1976,Y,1976,0,1976,2,7,1,3,908,7,2007,440000
2590,70,80,16560,IR1,Lvl,Crawfor,1Fam,6,8,1932,1950,952,Y,1170,1175,2345,2,9,1,2,360,7,2006,239000
1252,20,70,7763,Reg,Lvl,NAmes,1Fam,5,7,1962,1980,931,Y,1283,0,1283,1,6,0,2,506,10,2008,140000
2200,60,68,9179,IR1,Lvl,CollgCr,1Fam,7,5,1999,1999,873,Y,882,908,1790,2,7,0,2,588,6,2008,193000
373,60,101,14215,IR1,Lvl,NridgHt,1Fam,8,5,2005,2006,1158,Y,1158,1218,2376,3,9,1,3,853,11,2006,325300
2028,20,60,5400,Reg,HLS,SWISU,1Fam,5,5,1958,1958,864,Y,864,0,864,1,6,0,1,399,5,2007,118000
2429,20,128,39290,IR1,Bnk,Edwards,1Fam,10,5,2008,2009,5095,Y,5095,0,5095,2,15,2,3,1154,10,2007,183850
474,120,89,8232,IR1,Lvl,NridgHt,TwnhsE,9,5,2007,2008,1800,Y,1800,0,1800,2,6,1,3,944,6,2008,370967
1706,50,50,6000,Reg,Lvl,BrkSide,1Fam,5,8,1925,1997,884,Y,884,464,1348,1,5,1,1,216,5,2009,117000
1411,20,78,10180,IR1,Lvl,NAmes,1Fam,5,6,1968,1968,912,Y,1044,0,1044,1,5,1,2,372,6,2008,139000
2650,50,60,6000,Reg,Lvl,IDOTRR,1Fam,6,8,1940,2006,720,Y,760,330,1090,1,5,0,1,240,7,2008,120000
2385,20,70,9170,Reg,Lvl,Edwards,1Fam,5,7,1965,1965,1214,Y,1214,0,1214,1,6,0,2,461,4,2007,140000
2569,20,126,13108,IR2,HLS,Crawfor,1Fam,5,5,1951,1951,0,Y,1226,0,1226,1,7,1,2,400,6,2007,153500
493,60,63,10928,Reg,Lvl,Gilbert,1Fam,7,5,2005,2005,728,Y,728,728,1456,2,8,1,2,390,6,2009,184000
2434,180,35,3675,Reg,Lvl,Edwards,TwnhsE,6,5,2005,2005,547,Y,1072,0,1072,1,5,0,2,525,5,2007,140000
1672,80,76,11800,Reg,Lvl,OldTown,1Fam,4,7,1949,2002,0,Y,1382,0,1382,2,6,1,1,384,5,2007,110000
936,160,30,3180,Reg,Lvl,Somerst,TwnhsE,7,5,2005,2005,600,Y,520,600,1200,2,4,0,2,480,4,2006,144152
274,160,21,1890,Reg,Lvl,BrDale,Twnhs,6,6,1972,1972,483,Y,483,504,987,1,5,0,1,352,4,2008,100500
2666,70,60,6402,Reg,Lvl,IDOTRR,1Fam,5,5,1920,1950,596,N,596,596,1192,1,6,0,1,189,7,2009,78000
629,60,60,17433,IR2,Lvl,NoRidge,1Fam,8,5,1998,1998,1629,Y,1645,830,2475,2,7,1,3,962,1,2010,355000
158,20,48,17043,IR1,Lvl,NWAmes,1Fam,6,5,1979,1998,1362,Y,1586,0,1586,2,7,1,2,435,1,2009,181000
275,160,24,2016,Reg,Lvl,BrDale,TwnhsE,5,5,1970,1970,630,Y,630,672,1302,2,6,0,2,440,4,2007,106000
2487,20,60,8190,Reg,Lvl,Edwards,1Fam,4,6,1954,1954,948,Y,948,0,948,1,5,1,1,280,10,2007,119000
1273,20,73,9300,Reg,Lvl,NAmes,1Fam,5,5,1960,1960,1268,Y,1264,0,1264,1,6,2,2,461,4,2010,167500
1100,20,60,7436,Reg,Lvl,NAmes,1Fam,4,7,1960,1960,894,Y,894,0,894,1,5,1,2,396,8,2009,141500
1040,20,80,9600,Reg,Lvl,NWAmes,1Fam,5,5,1969,1969,1288,Y,1336,0,1336,2,6,1,2,502,8,2009,163000
735,60,75,9803,Reg,Lvl,Somerst,1Fam,7,5,2005,2005,866,Y,866,902,1768,2,7,0,2,603,2,2008,226700
2509,30,60,8400,Reg,Bnk,SWISU,1Fam,2,5,1920,1950,290,N,438,0,438,1,3,0,1,246,1,2009,60000
1158,20,69,8973,Reg,Lvl,NAmes,1Fam,5,7,1958,1991,1008,Y,1053,0,1053,1,6,0,2,750,7,2006,150000
2433,180,35,3675,Reg,Lvl,Edwards,TwnhsE,6,5,2005,2005,547,Y,1072,0,1072,1,5,0,2,525,6,2008,148000
2774,20,75,12890,IR1,Lvl,Timber,1Fam,6,5,1989,1989,1495,Y,1495,0,1495,2,8,1,2,438,7,2008,150000
62,120,39,5389,IR1,Lvl,StoneBr,TwnhsE,8,5,1995,1996,1595,Y,1616,0,1616,2,5,1,2,608,3,2010,236500
1515,50,60,4800,Reg,Lvl,OldTown,1Fam,4,5,1900,1954,709,Y,1157,687,1844,1,9,2,1,240,1,2010,80400
1817,30,60,7200,Reg,Lvl,IDOTRR,1Fam,6,6,1930,1950,984,Y,984,0,984,1,6,0,1,308,3,2006,90000
982,120,38,14963,IR2,Lvl,Veenker,TwnhsE,8,5,1996,1996,1260,Y,1288,0,1288,1,4,2,2,500,12,2008,245500